Latitude,Longitude,SiGeothermometry,SiGeothermometry_StdErr
35.0880585,-108.0405268,32.1397781,18.4710159
35.0802588,-107.9985255,31.6880569,19.2082405
35.0571591,-108.0399265,39.2303276,12.1834259
34.9797616,-107.9061221,16.519434,14.5843868
34.9648617,-107.9451231,23.0961018,19.1525517
34.9562617,-107.9744239,27.3666611,19.2685566
34.9532621,-107.9219223,21.0585136,19.0491619
34.9500577,-108.7806468,6.8573837,11.1407776
34.9355622,-107.983824,29.3408508,19.0476112
34.9200588,-108.690644,11.6786442,8.9212122
34.9100583,-108.8406482,18.8242188,9.2401962
34.8800583,-108.9506511,18.3615246,6.0436468
34.8500702,-106.7672884,75.6322632,24.7573814
34.8000695,-107.1338986,31.2567101,9.784936
34.7833641,-108.2673309,19.9081097,19.0815239
34.7826694,-107.2248011,27.9137363,7.6119399
34.7763725,-106.6264839,60.0040627,21.4660397
34.7500714,-106.9838939,32.5926704,12.4764891
34.7461714,-106.9975943,31.9464722,11.4280005
34.7167723,-106.9505928,33.4370575,14.75949
34.6741753,-106.51578,35.8977661,14.708149
34.6517737,-106.9582925,33.8360176,15.6312637
34.5900664,-108.6906415,23.6937485,10.1841021
34.5794755,-106.9295912,36.6785927,16.8208618
34.5700674,-108.5906385,17.0701637,10.8317146
34.5600676,-108.5906384,19.2278042,10.9907598
34.5400712,-107.9806209,8.3640814,8.2832937
34.530069,-108.4506342,18.5254211,17.0535011
34.5175775,-106.8107873,55.5918694,15.210144
34.4887777,-106.9183902,42.9071388,16.8404236
34.466678,-106.9572912,39.7540474,14.3514395
34.463577,-107.1830976,29.8845234,13.5101843
34.4500691,-108.7906432,19.1301651,10.0845127
34.4173808,-106.6209812,39.009903,11.73594
34.4100717,-108.4806341,30.2878056,19.1653061
34.4100706,-108.6906401,16.1480923,13.2021742
34.4000709,-108.6706394,19.3588276,15.3176279
34.4000708,-108.7006403,16.6543484,13.7109194
34.3833737,-108.2173265,29.8394432,20.3509617
34.3700746,-108.1006231,24.4104881,18.6991272
34.3435815,-106.8207864,45.40028,12.651206
34.3333734,-108.5006341,40.2319145,16.0123215
34.3200719,-108.8506439,20.0820942,16.1316452
34.3167758,-108.1173231,25.9462852,17.7500286
34.3147837,-106.499777,33.6707458,7.1643558
34.3000796,-107.4339036,46.246582,13.2015743
34.2900731,-108.7606411,21.4610233,15.8535013
34.2833809,-107.2505983,45.1740379,14.2755909
34.2833731,-108.7839418,21.2730923,15.0371113
34.2787837,-106.6765818,32.4375153,18.276289
34.2701795,-107.595908,56.8993034,12.3365135
34.2700738,-108.7106396,22.8555851,14.8671808
34.2646814,-107.2363977,45.707531,13.9890985
34.2635793,-107.66911,55.9600372,15.0828476
34.2600742,-108.6906389,24.2508831,14.7884884
34.2519847,-106.6073797,32.0598068,18.2112408
34.2500817,-107.250598,45.5519104,14.268364
34.2448849,-106.6085796,31.8636971,18.7349205
34.2333802,-107.6339088,57.0109634,14.2472801
34.2306828,-107.1196942,45.1277428,14.899169
34.2275826,-107.1765958,45.3468323,11.7698517
34.2217838,-106.942289,47.9757996,15.0727291
34.2118794,-107.8879159,44.7008438,16.0095692
34.2098816,-107.4489034,53.6243515,14.7349262
34.2075811,-107.5793071,54.9500122,14.5768633
34.2021867,-106.4333743,29.1340504,11.4799891
34.2006862,-106.5547778,28.7373638,18.1295528
34.1817847,-106.9572892,46.4922714,14.1837435
34.175686,-106.7146822,26.7365341,14.3985033
34.1747824,-107.4640036,53.0643539,14.2540255
34.1701869,-106.5586777,25.2189713,18.7425022
34.1595842,-107.1788953,46.4070511,13.5582304
34.1500838,-107.3005987,47.2499466,13.8505764
34.146783,-107.4756037,51.9137726,14.1225958
34.1450855,-106.9772895,45.3219604,15.5115194
34.1367827,-107.5923069,54.8376617,13.187623
34.1264851,-107.1496943,46.3887711,14.2842598
34.1250861,-106.9488885,46.0798569,14.7622404
34.1200856,-107.0805923,43.7430153,15.9557619
34.1183837,-107.4789036,52.9568558,13.4836903
34.1167856,-107.0838923,44.2425537,15.8067961
34.1167847,-107.283898,46.9086761,13.1097107
34.1160889,-106.4039729,18.1417103,15.8462229
34.1133863,-106.9522886,47.382679,14.5118818
34.1133862,-106.9755892,48.1382294,15.180131
34.1117864,-106.9405882,47.879509,14.1256075
34.1100833,-107.5948068,54.796833,12.4376497
34.1000874,-106.8005841,42.8962364,25.3282814
34.1000868,-106.9172875,49.6355782,12.7442627
34.1000858,-107.1288935,46.121315,14.5940495
34.1000858,-107.1322936,46.2296677,14.5441103
34.0983838,-107.5423052,58.0419579,10.3838434
34.0967864,-107.0322907,48.4313812,14.786129
34.0962851,-107.2932982,47.158535,13.2685099
34.0883875,-106.8388852,49.4651909,23.2466488
34.0867841,-107.5431052,56.7219696,11.6136332
34.0850868,-106.9955896,45.3745308,13.9244452
34.0850868,-106.9972896,45.3033752,13.9668503
34.0850866,-107.0405909,47.1982727,14.5264482
34.0842854,-107.2934981,47.4110184,13.327734
34.0833868,-107.0005897,45.1252861,13.9650421
34.0833851,-107.3673002,50.3069458,13.8995647
34.0828855,-107.2720975,47.2759438,12.9666014
34.0817868,-107.01059,47.3504829,14.0997725
34.0815833,-107.7351106,46.9568672,13.849906
34.0800869,-107.0055898,46.1298866,13.9197712
34.0800868,-107.0188902,47.1911011,14.1542082
34.0800867,-107.0538912,46.7108116,14.4613686
34.0733874,-106.9322877,54.4951439,15.124856
34.0717874,-106.942288,51.8396454,12.2414913
34.0717874,-106.9488882,51.1173325,11.8398991
34.0717865,-107.1322934,45.8566933,14.4195509
34.0700874,-106.942288,51.6076889,12.4239445
34.070087,-107.0238903,47.1534081,13.9117718
34.0667876,-106.9172872,56.1489258,11.7831211
34.0667875,-106.9388879,52.1814346,13.9633236
34.0667875,-106.9505882,51.2251778,12.662488
34.0650844,-107.5856062,54.2649498,11.1171923
34.0633872,-107.0288904,47.0107841,13.6890955
34.0617877,-106.9205873,55.5852394,12.4888124
34.0600873,-107.0188901,46.9459,13.4118357
34.0567878,-106.9372877,53.8525047,12.585556
34.0550873,-107.0355905,47.0609436,13.4011927
34.055087,-107.1072926,45.5013466,14.3311043
34.050088,-106.9338876,52.1816254,9.7390594
34.0500879,-106.9388877,52.2738457,9.6271515
34.0478874,-107.0655913,45.916275,12.6638756
34.045088,-106.9538881,52.9235764,9.7182522
34.0449855,-107.4679028,51.8408623,13.3047523
34.044283,-107.9799173,54.0426559,14.6276054
34.043388,-106.9538881,53.0416374,10.0014524
34.0433878,-107.0072896,47.0838623,12.2195492
34.0433875,-107.0655913,46.237442,12.4768229
34.0400851,-107.5673055,53.31464,13.0218105
34.0397851,-107.5680056,53.3632812,13.0243683
34.0383881,-106.9605883,51.5748596,11.8130322
34.0362864,-107.3329989,50.7204018,14.0126429
34.0350881,-106.985589,47.9877014,12.3620987
34.0350878,-107.0348904,47.170742,12.8190174
34.0333882,-106.9672884,51.0907898,13.0411558
34.0333882,-106.9705885,50.5989265,13.3545942
34.033387,-107.2172955,47.5440483,12.8648958
34.0250885,-106.9405876,58.161068,10.162549
34.0250882,-107.0138897,46.3245773,10.6918354
34.0250859,-107.4856031,52.7722168,13.4499712
34.0217887,-106.9272872,60.5785675,7.7484965
34.0200882,-107.0272901,47.8746834,12.1975899
34.0167888,-106.9338874,61.651577,7.2744398
34.0167884,-107.0055894,47.5703812,10.5426207
34.0167882,-107.0422905,48.6063423,12.9568939
34.0160845,-107.800612,52.0577812,12.7735777
34.0150888,-106.9372875,61.268219,7.7794662
34.0150882,-107.060591,48.9885979,13.43396
34.0137882,-107.061791,49.10252,13.4992571
34.0117884,-107.02729,48.7371788,12.2995882
34.0100846,-107.8206125,54.7686386,13.4203014
34.008987,-107.3381988,51.5507584,14.2705479
34.0083887,-106.9955891,49.4266548,10.9418955
34.0067888,-106.9755885,52.4459114,11.5620966
34.0067887,-106.9855888,50.5689888,11.8123474
34.005089,-106.9438876,60.3864632,8.6616468
34.003389,-106.9422875,60.726799,8.8375978
34.0033889,-106.9722884,53.7654724,11.0162926
34.0017889,-106.9772885,52.8119926,11.4246864
34.0005886,-107.0372902,49.9952126,13.2048931
33.998389,-106.9655881,55.2896919,10.0518579
33.9967891,-106.962288,55.7041855,9.8179779
33.9867858,-107.6923087,51.283989,13.9365978
33.9833862,-107.6289069,53.0389061,14.4956512
33.9767871,-107.4703023,52.8436165,12.4139986
33.9747866,-107.5935058,53.9007683,14.4597721
33.9733897,-106.9572877,56.7120934,10.0544605
33.9631875,-107.4650021,54.6084175,11.2271891
33.960593,-106.3243696,24.2111225,19.5293751
33.9500934,-106.2838684,23.797493,20.0460033
33.9500904,-106.9338869,56.3974991,9.2158642
33.9350884,-107.4241007,53.3708916,14.2346439
33.9333927,-106.521575,28.9534359,26.5275822
33.920989,-107.3572987,54.2494011,14.8612881
33.9192892,-107.330498,53.5488396,14.7821665
33.9133876,-107.6839079,56.8490448,14.7366943
33.9117871,-107.7873109,60.6927719,15.2220869
33.9093875,-107.723909,58.8024254,14.5448713
33.9083875,-107.7389095,59.4329796,14.7697639
33.9080875,-107.7335093,59.2663879,14.514348
33.9018932,-106.5683762,31.5130005,27.3939075
33.8861902,-107.2786963,54.3376198,14.3395338
33.8833947,-106.3505698,28.5094681,15.8213196
33.8800881,-107.7489095,62.303669,14.9564342
33.8622912,-107.1984938,54.0090065,13.6916199
33.8533889,-107.7139084,65.254364,12.1189365
33.8350896,-107.6623068,58.3094063,14.60571
33.7986925,-107.2456947,54.857338,11.7825146
33.7967905,-107.680607,55.9625015,12.8750877
33.7953952,-106.7118795,51.1737747,14.7092571
33.7829924,-107.3503976,57.8798447,10.5930395
33.7740914,-107.615005,58.3415031,14.981554
33.7500937,-107.2505945,55.0541916,11.3733006
33.7500909,-107.8173106,58.6447067,18.3887577
33.7333936,-107.3505972,57.0224228,11.3231115
33.6950948,-107.2980955,55.5107994,11.7681742
33.6847932,-107.6775061,58.810894,12.7836647
33.6184954,-107.5629024,53.1000519,14.5603428
33.6167976,-107.1338903,54.6880951,11.863555
33.5823982,-107.1855915,53.4053345,12.7000961
33.5766963,-107.594503,49.5321884,12.0152521
33.5667965,-107.6006032,48.3324814,12.2698946
33.5578903,-108.8907393,59.0777817,17.8905678
33.5466983,-107.3431957,53.4356804,12.8725519
33.5419916,-108.705834,57.7664108,17.6246223
33.5173999,-107.1646905,54.2370911,10.3644123
33.5167949,-108.1839192,61.9519501,16.9453316
33.4827025,-106.80138,46.6984863,14.6771803
33.4747015,-107.0593872,51.916008,17.6156063
33.4745023,-106.8906825,49.2494392,17.6190395
33.4745009,-107.1733905,52.8629799,14.8553133
33.4732993,-107.5129,53.1374969,19.9542809
33.4564997,-107.5226002,52.8315964,20.249382
33.4449016,-107.1804905,51.4842529,14.1989202
33.4339008,-107.4199971,57.8196983,15.7444935
33.4168036,-106.9172828,47.9222527,19.0310593
33.4168034,-106.9505838,51.5143929,17.8743858
33.4168012,-107.4172969,58.10569,16.8315792
33.4144018,-107.3046938,55.8583641,14.9723883
33.3962007,-107.6274027,47.0817719,32.2528648
33.3958021,-107.3489949,58.7540131,17.2056313
33.3717945,-108.9898407,69.2120514,18.4674206
33.3290034,-107.4293967,53.9854622,23.6099758
33.3201022,-107.7070044,51.4576645,38.383316
33.3168024,-107.7006042,51.3340874,38.8791389
33.2948971,-108.8611366,79.4540939,15.4406118
33.2883067,-106.9379826,48.2554131,20.971817
33.2834053,-107.2672918,46.9747772,21.3379498
33.2834052,-107.2838923,47.3545227,21.8686981
33.2834031,-107.7173045,53.5896072,43.5153122
33.2737063,-107.1077873,47.5847168,17.9157505
33.2577981,-108.8566362,83.9215698,13.0894852
33.2501079,-106.9005812,46.6325264,20.4410133
33.2454058,-107.3600942,49.0967865,13.8160295
33.242205,-107.5467994,55.0142441,31.4857807
33.2389088,-106.7591772,44.9950638,18.7866077
33.2142058,-107.5319988,55.0732498,34.3230209
33.2001075,-107.2505908,52.1076965,14.0461845
33.1909999,-108.8399352,81.8837585,14.5220461
33.1834096,-106.8838803,46.0952187,20.1496258
33.1796099,-106.8571796,45.5659103,20.3496399
33.1789992,-109.0424408,73.2541351,17.4101009
33.1748018,-108.5515271,58.6251945,16.8648109
33.1743074,-107.4090951,49.7137184,33.4337845
33.1485017,-108.7063312,72.2447205,15.7745123
33.1327008,-108.9514379,76.1188354,14.4302807
33.1319019,-108.7525324,79.942688,13.8404818
33.1305017,-108.7833332,84.8350983,12.0579472
33.1300079,-107.5426985,64.3084106,11.94174
33.12821,-107.1077863,46.456646,17.3382206
33.1215091,-107.3321926,49.2298775,15.636652
33.1063107,-107.0705851,47.9547729,17.8023453
33.1001118,-106.8838798,44.7892647,20.0999699
33.0950122,-106.8245781,43.6436539,21.2818165
33.0853063,-108.105814,70.6596298,20.4067097
33.0834118,-106.967282,47.6930542,17.3763447
33.0777039,-108.6278285,59.4815521,15.4696684
33.0574108,-107.327692,57.4624214,13.2334709
33.0533108,-107.3378923,56.186161,17.0239239
33.0501052,-108.5006248,61.429657,15.8002119
33.0268094,-107.7828046,65.2732391,43.4704552
33.0247092,-107.8233057,64.6158066,41.5003395
33.0239081,-108.0555122,67.9082794,17.2897625
33.0001138,-107.0005824,35.0012283,16.5727463
33.000112,-107.375593,45.678257,23.8898697
32.9976126,-107.27259,55.7934914,29.9884853
32.983414,-107.0505837,39.8410378,18.7384605
32.9726136,-107.1923876,42.0713501,40.1060791
32.970914,-107.1281858,42.2739067,42.2214737
32.9668142,-107.100585,41.3960152,38.2741203
32.9668121,-107.5338972,81.0265121,15.7675753
32.9585121,-107.5771983,123.490181,10.7772703
32.9518123,-107.5817984,122.0311279,9.4105101
32.9450124,-107.603699,99.3085632,13.7496758
32.9429128,-107.5163965,66.671875,20.3737812
32.9422126,-107.5731981,101.4019775,11.0603981
32.9372127,-107.571898,91.0663376,11.1665564
32.9311139,-107.3672923,57.1133614,20.0279636
32.931013,-107.5566976,75.6633224,11.1786346
32.9293128,-107.5917985,75.4677582,10.6795263
32.9290158,-106.9555807,61.1336098,21.8236866
32.9164132,-107.5953986,58.8093719,13.281846
32.9163146,-107.28899,47.0420074,37.5219383
32.916308,-108.648728,65.9386673,14.6628637
32.900117,-106.867278,51.3280296,23.0453854
32.9001065,-109.0339385,69.7278442,16.9062595
32.8905174,-106.8436773,48.1190605,23.2795582
32.8834157,-107.2505887,41.1343536,55.4364471
32.8756155,-107.3218906,48.8956451,8.9969759
32.8730167,-107.0892841,43.3800659,58.4339714
32.8689164,-107.1762865,47.140831,66.2774811
32.8501115,-108.3006178,31.7159386,17.8488941
32.8434418,-108.9306353,73.0375519,14.6286774
32.8128172,-107.3082898,40.0129509,13.9764442
32.8001196,-106.8672774,44.8339996,25.0827541
32.8001195,-106.9005783,41.4963608,25.6319904
32.8001139,-108.067311,35.6864281,16.6953354
32.7928202,-106.7867751,46.234993,25.2245102
32.7886109,-108.7318294,62.2087746,15.7434378
32.7781174,-107.4563937,52.0851669,60.1235237
32.7635193,-107.1436849,36.6242714,26.2921925
32.7532199,-107.0644826,49.1229706,26.5284328
32.7501191,-107.2505878,34.1499596,23.2395287
32.7501119,-108.7506296,61.6155243,16.1708126
32.7439187,-107.3888916,51.2315788,40.6312599
32.7168185,-107.5838969,64.667717,25.5255451
32.7084222,-106.8262756,47.7385025,26.9788723
32.7057214,-107.0221811,66.7699661,25.1042595
32.6899229,-106.7895745,46.5603828,16.2506504
32.6751152,-108.4881218,53.750618,16.8402576
32.6519244,-106.6668708,48.7162895,24.9141941
32.6334234,-107.00058,54.2304268,20.6498089
32.6251171,-108.3756183,47.1944275,15.1637411
32.6174235,-107.0623817,49.0307274,25.5939732
32.616824,-106.967279,51.4037209,27.8752518
32.6012188,-108.154212,51.9902077,17.5677395
32.5885183,-108.3249167,49.7955437,15.9269714
32.5868214,-107.6862989,71.4931488,15.5808992
32.5804205,-107.9157052,70.1670456,17.2332554
32.5744265,-106.6737705,53.3231468,24.4855194
32.5731205,-107.9614065,72.3831253,17.5040169
32.5712203,-107.9957074,73.9960861,14.4568968
32.560123,-107.5055937,82.401947,16.2988472
32.5570247,-107.1521838,56.9943771,27.1525116
32.5507209,-107.987707,75.3976288,13.6731501
32.5501245,-107.233886,81.7689896,18.9752464
32.5492245,-107.233286,81.8860016,19.0272446
32.5490235,-107.4518921,90.6584473,13.473465
32.5393214,-107.9578061,70.5175934,17.9413071
32.5385216,-107.9203051,67.4549255,18.9737835
32.5353251,-107.1987849,70.2466812,22.7479725
32.5334287,-106.417263,40.7801094,22.9814053
32.5334228,-107.6838985,70.2911682,18.8507843
32.5334196,-108.350617,49.4945641,13.5397749
32.5166253,-107.2554864,85.9427567,19.5095711
32.5121223,-107.9277051,65.5557938,19.1887569
32.5018245,-107.5205937,79.7694244,16.0209217
32.5001269,-107.0005792,54.284317,28.7230778
32.5001246,-107.5005931,82.5828934,14.081192
32.5001244,-107.5488945,75.5552597,17.0599651
32.5001222,-108.0006071,64.1748199,18.2670708
32.500121,-108.250614,57.9551125,16.6371326
32.5001204,-108.3756175,53.8625031,15.8326941
32.5001198,-108.5006209,54.1390953,16.4879379
32.5001185,-108.7506279,55.272171,16.3881226
32.5001173,-109.0006348,57.7451439,16.4506054
32.4975283,-106.7114711,50.4661903,6.4417448
32.4904252,-107.4363913,90.4299698,13.6053133
32.4584258,-107.4938927,79.4443283,16.7524605
32.4501301,-106.6005677,60.2233887,24.8367538
32.4334312,-106.4505633,56.0156822,10.706708
32.4334283,-107.0838811,33.4096909,16.3434219
32.4296273,-107.3227877,89.907486,11.2033195
32.4268264,-107.5405938,73.6915817,18.5285168
32.4257262,-107.5959953,70.3125839,18.5032711
32.4168288,-107.083881,28.2637062,23.1324444
32.4168281,-107.2338852,67.2421875,19.7401657
32.4113282,-107.2367852,67.7152557,19.3413582
32.4076274,-107.4278905,85.5425034,14.8282022
32.4062266,-107.6085955,68.5300217,18.6313953
32.405727,-107.5335934,71.1608887,18.7062092
32.4001312,-106.6505687,52.8367882,13.3120794
32.3865314,-106.6872697,39.6604118,10.4851246
32.3834315,-106.6838696,35.0594101,9.0670452
32.3751262,-107.8756028,59.9831848,17.1381912
32.3751225,-108.6256235,48.1160698,15.1954012
32.3751219,-108.750627,50.1902008,14.1575632
32.3751213,-108.8756304,65.1352081,8.5881834
32.3751207,-109.0006339,63.9276619,17.0135784
32.3724288,-107.3279875,91.2379608,10.4357471
32.366832,-106.667269,31.7555237,19.2952576
32.3668291,-107.3005867,87.6724014,13.1991158
32.3668274,-107.6672969,62.4109535,18.1037216
32.3668209,-109.0006338,63.4863777,16.983345
32.3649286,-107.4173899,84.4906998,15.6891603
32.3583251,-108.1922114,55.0265045,15.306324
32.3543303,-107.1282818,53.6824379,41.0577126
32.3467283,-107.5867945,66.98806,18.2673378
32.3444298,-107.2932863,86.3596802,12.0551643
32.3334559,-108.8512295,55.9990883,13.1363773
32.3334326,-106.7505711,48.9869576,10.301899
32.3334229,-108.7839276,56.8579674,16.1668625
32.3230322,-106.8948751,52.4485092,23.3215466
32.3209262,-108.1878111,57.3486328,16.332119
32.3001339,-106.6505681,57.5603905,22.3729649
32.3001335,-106.7338704,59.0906105,7.9145675
32.3001333,-106.7838718,51.2855568,4.2815833
32.2959331,-106.8638741,44.1924973,4.0286541
32.2877326,-107.0217784,67.2133789,10.1599102
32.284634,-106.7172699,73.6661301,16.8815155
32.284434,-106.7178699,75.3713837,17.1903439
32.284334,-106.7348704,73.8791428,9.1378231
32.284134,-106.7352704,72.9225464,9.1770134
32.2834355,-106.400561,55.7293625,19.040453
32.2834341,-106.7172699,74.7929993,17.1100807
32.283434,-106.7338703,74.8703232,10.0641212
32.2834339,-106.7505708,47.9462891,6.1835933
32.2749347,-106.6192671,57.056427,22.7505226
32.2685275,-108.2063112,58.5675659,16.8595505
32.2673345,-106.7177698,74.9917831,11.6926537
32.2668345,-106.7172698,74.9430237,12.0417919
32.2668345,-106.7173698,74.8485107,11.9350786
32.2668344,-106.7338702,52.0553436,7.1674085
32.2668344,-106.7505707,40.3351593,4.319643
32.2551248,-108.8259282,74.4533005,15.9212446
32.2544346,-106.7810715,37.6956825,5.8706317
32.2536337,-106.9740769,100.8214874,7.5033412
32.2501319,-107.375588,80.3209839,12.6884623
32.250126,-108.6256227,75.3255081,13.1334515
32.2437254,-108.7735267,62.8384056,16.7747364
32.2414248,-108.9101305,72.1610107,14.3261595
32.2364322,-107.3928884,79.2053757,14.1397142
32.2352253,-108.8299282,77.9529572,15.671875
32.2334347,-106.8672738,45.1038513,7.9058914
32.2334332,-107.2005831,62.4116707,23.3877411
32.2330254,-108.8266281,76.6264725,16.6880836
32.2280329,-107.2992858,71.9111481,18.7894802
32.2255325,-107.4027886,77.3730164,15.7663155
32.2230253,-108.89763,73.4275818,17.882103
32.2206327,-107.3866882,77.6751862,15.9390697
32.2202258,-108.8304281,76.6204071,17.8754749
32.2130335,-107.2562845,68.7112045,17.8188572
32.2082258,-108.8847295,73.2391129,18.0426922
32.2020264,-108.7981271,68.2797241,17.3354359
32.20013,-108.0839074,42.8651962,14.7129707
32.1999263,-108.8386282,78.1176682,18.9604187
32.1941258,-108.9602315,60.4150391,15.3991499
32.1911346,-107.1559815,57.2426758,23.3112869
32.1900343,-107.2158832,63.6570892,17.4116821
32.1892298,-108.1775099,54.0087776,15.275444
32.1884635,-108.1039412,32.990036,13.4045076
32.1880266,-108.8436283,82.4101486,19.1861229
32.1856269,-108.7891268,65.1177444,16.5950909
32.1835268,-108.8256277,82.8558655,19.5835609
32.181527,-108.7946269,67.0032654,16.757019
32.1771305,-108.0963076,28.7814178,12.06036
32.1719271,-108.8346279,95.0321579,21.2554588
32.1707267,-108.91153,62.709938,16.639883
32.1676273,-108.8146273,82.9158859,19.7456837
32.1669268,-108.91263,62.0308342,16.551157
32.1668262,-109.0339334,57.8789139,16.4812336
32.1659271,-108.8546284,89.1607819,20.6905365
32.1656272,-108.8476282,95.7817917,21.557478
32.1612274,-108.8346278,109.7785339,19.6040325
32.1561278,-108.7796263,54.5615005,11.7245045
32.1535352,-107.2407837,62.5131111,20.6494617
32.1505276,-108.8516282,91.1516571,14.7639999
32.1502277,-108.8266275,116.8077698,13.8268242
32.1501362,-107.0505783,69.4921036,15.2357388
32.1492348,-107.3505867,70.1801605,18.3529491
32.1463279,-108.8026269,64.9387131,10.2877588
32.1462359,-107.1292805,53.5287704,16.5636425
32.1460278,-108.8366278,117.7296677,8.056694
32.1441307,-108.2428114,62.7076607,16.9173412
32.1434279,-108.8298276,114.5240326,12.3125715
32.141128,-108.8216273,96.376709,18.4021664
32.1395279,-108.8386278,93.3176727,10.4219961
32.1392279,-108.8526282,68.5899887,6.1126604
32.1354281,-108.8306276,91.7464142,16.4167862
32.1344372,-106.9165745,68.5439148,17.9801235
32.1339282,-108.811627,73.0044937,17.4345665
32.1336281,-108.8336276,84.6387482,15.1744061
32.1334375,-106.8505727,66.0534592,21.7192097
32.1333282,-108.8256274,84.9723663,18.9329433
32.1275283,-108.8416278,65.8274765,9.5594435
32.1251306,-108.3756149,61.7767334,18.3506241
32.12513,-108.5006184,70.7491379,14.0657978
32.123736,-107.2426835,59.7657623,23.3805962
32.1236316,-108.1888098,59.6385078,17.1367588
32.1234281,-108.8976293,45.5495491,7.6891942
32.1216284,-108.848628,59.283165,6.1297674
32.1168281,-108.9339303,50.0258141,14.7344809
32.1137289,-108.7976265,59.3885155,16.3324146
32.1102288,-108.8376276,62.2119904,9.8853245
32.100629,-108.8426276,59.7656059,5.0997882
32.0949292,-108.8266272,60.0447006,11.0923681
32.0912329,-108.0936069,58.8376999,15.5172644
32.086137,-107.2407832,58.6552162,25.3680859
32.0844383,-106.9861761,59.8567314,21.7228928
32.0721297,-108.8676281,57.2107658,14.488286
32.0687294,-108.9326299,53.6953011,16.0991516
32.0682301,-108.7976262,58.2578964,16.0413036
32.0571297,-108.9496303,54.2651558,16.3634377
32.0529388,-107.0670782,43.9381599,27.1880074
32.0510304,-108.830627,61.106739,16.1571465
32.0450389,-107.0762784,39.9325943,30.1448345
32.0450389,-107.0851786,38.4877739,31.4517517
32.0431346,-108.0123044,53.701313,13.9987679
32.0422392,-107.0322772,45.5541954,16.1497154
32.0394396,-106.9533749,56.0220108,26.9296455
32.0378368,-107.5751922,56.7055664,17.713129
32.0376337,-108.2400106,62.5637817,18.9190292
32.0296311,-108.8116263,62.3927231,17.3634186
32.0221379,-107.4339882,58.8951721,18.2541199
32.016841,-106.8005705,56.642086,21.6317406
32.0168405,-106.9005733,62.0705986,10.4744473
32.0141397,-107.0997789,31.870491,23.4498539
32.0134311,-108.8996286,58.1886292,16.694006
32.0119322,-108.6926229,56.5562096,14.0024414
32.0088316,-108.8336268,67.0383301,18.2528572
32.008432,-108.7606248,58.4055786,16.4300003
32.0083364,-107.8495996,73.7885818,12.2119579
32.0029415,-106.7744697,50.4582443,22.1079216
32.0012413,-106.8170709,66.1241302,17.5211773
32.0001405,-107.000576,59.1243362,24.0483418
32.0001341,-108.3756141,60.9118538,18.1389503
31.9751379,-107.7138957,78.8006516,9.942934
31.9739426,-106.7005675,49.4552307,24.189621
31.9715328,-108.7948255,59.6666107,13.3752508
31.9678396,-107.3855865,56.561615,13.4242134
31.9668423,-106.8172707,68.7439651,18.7535954
31.966842,-106.8672721,74.3264618,17.3273811
31.9668417,-106.9338739,66.6563263,20.3479424
31.9609337,-108.673622,58.4442253,14.7282639
31.9581431,-106.6725666,50.3261185,21.8221035
31.9578431,-106.6935672,51.2536011,20.9672775
31.9577335,-108.7376238,47.7559319,10.9359045
31.9572336,-108.7166232,52.9065819,12.3857527
31.9563329,-108.8666273,72.2544022,14.4329224
31.9538334,-108.7676246,44.293705,7.2706103
31.9538334,-108.7806249,48.6114349,9.5282116
31.9522334,-108.7916252,53.0991058,9.1990681
31.9509432,-106.7105676,49.9303322,24.5635548
31.9501418,-107.0172762,84.1349564,14.4180231
31.9484334,-108.8016255,57.0424995,6.5235314
31.9459432,-106.7325682,48.9320946,27.1273537
31.9457334,-108.8186259,66.5519409,8.4356146
31.9438333,-108.8536269,73.1046753,16.3708992
31.9423334,-108.8316263,71.3556595,11.7646885
31.9396338,-108.7796248,47.9874687,10.0520735
31.938933,-108.933629,39.6206512,11.9623175
31.938343,-106.8195706,69.226532,18.9027824
31.9334427,-106.9172733,68.711441,19.6542358
31.9333436,-106.7193678,48.0745583,26.2326603
31.929534,-108.7996253,56.2854805,12.1427059
31.926934,-108.8136257,60.6464806,11.3681574
31.923944,-106.6985671,46.432972,26.4500332
31.921434,-108.8346262,64.5380173,14.6216698
31.9188338,-108.8966279,57.795475,15.6162701
31.9170438,-106.7862695,62.9439964,19.579937
31.9168428,-107.0005755,86.4413376,14.6720982
31.9151429,-106.9905752,83.4803085,14.4561138
31.9128415,-107.3146842,55.9643288,21.9419537
31.9101399,-107.6722941,67.2364044,14.6386051
31.9101381,-108.0506045,65.7929001,19.3379059
31.9089445,-106.6795665,43.29673,24.2461338
31.9088343,-108.8446264,63.0084763,16.8202019
31.9001434,-106.9838749,79.1867599,15.6059752
31.9001396,-107.7955974,59.6280556,16.0790787
31.9001366,-108.433915,57.04842,15.5818272
31.8895356,-108.690622,59.4722939,17.4283905
31.8889353,-108.762624,57.5361862,16.5872974
31.8834452,-106.667266,55.5878754,18.9971447
31.8834438,-106.9838748,78.5058365,14.5547962
31.8823454,-106.6485655,61.6454964,15.0858202
31.8805353,-108.8146254,60.2913475,17.4502239
31.8760351,-108.8766271,60.2033005,17.5341301
31.8751375,-108.3756133,57.7966309,15.6373577
31.8736356,-108.7816244,59.3044662,17.3464355
31.8698353,-108.8606266,60.7125969,17.7195568
31.8668458,-106.6505654,62.6407814,14.3191748
31.8668457,-106.6672659,59.1463585,18.1415367
31.8668456,-106.6838664,56.0497284,21.0372372
31.8668456,-106.7005668,56.4609909,22.4966393
31.8668442,-107.0005752,78.0577316,12.8746176
31.8637355,-108.8546264,60.6912079,17.8006248
31.8582358,-108.8356258,60.5729599,17.9609241
31.8501463,-106.6338649,60.9652519,15.4098988
31.8501461,-106.6838663,58.3036499,17.7283115
31.8501459,-106.7172672,59.3757019,21.5838814
31.8501386,-108.300611,60.5525055,17.8513718
31.8428442,-107.1414789,56.1423607,26.1082115
31.8362366,-108.8006247,60.3352814,17.9883423
31.8361369,-108.7306228,60.4897232,17.948534
31.8334468,-106.6172643,61.8971786,16.2188778
31.8334466,-106.6672657,59.7498856,14.8596125
31.8334465,-106.7005666,59.393219,19.4505234
31.820346,-106.8862717,69.062294,18.7212887
31.819846,-106.8862717,69.0031357,18.6916599
31.8040466,-106.8600709,67.8494797,12.7521305
31.7922456,-107.1492788,55.4330254,26.0622444
31.7872459,-107.1100777,56.248024,25.133297
31.7838461,-107.0826769,56.6554756,25.8475456
31.7501405,-108.5006159,63.1334991,19.0836391
31.5001476,-108.5006142,59.4082031,8.7943392
31.5001464,-108.7506211,61.1014633,18.5142765
35.2833582,-107.2506055,34.8960304,13.1301632
35.2500591,-107.2173043,30.7678432,12.635334
35.2500552,-107.9839264,23.7871971,5.231421
35.2167593,-107.3173069,27.6718521,11.1112728
35.2000597,-107.3173068,24.7282982,10.2957287
35.1746551,-108.3189354,19.7697773,12.4640522
35.1363574,-108.035227,25.0345974,10.2570953
35.1167592,-107.7673191,29.0706348,19.0634098
