OID_,OBJECTID,FGDC_code,FeatrClass,FeatrType,Latitude,Longitude,POINT_X,POINT_Y
0,1,18.56,volcanic,vent,31.798498384900000,-107.216083792000006,-115427.604475999993156,3827658.208200000226498
1,2,18.56,volcanic,vent,31.798760396399999,-107.206506638999997,-114518.225076000002446,3827675.209400000050664
2,3,18.56,volcanic,vent,31.806082214200000,-107.203595174000000,-114231.113375999993877,3828485.236399999819696
3,4,18.56,volcanic,vent,31.805980508899999,-107.221403920000000,-115921.374676000006730,3828496.485499999951571
4,5,18.56,volcanic,vent,31.808029612799999,-107.167526391999999,-110805.271475999994436,3828656.994500000029802
5,6,18.56,volcanic,vent,31.812129525000000,-107.209530192000003,-114785.421476000003167,3829164.758400000166148
6,7,18.56,volcanic,vent,31.815327151999998,-107.194922012999996,-113394.489675999997417,3829501.770500000100583
7,8,18.56,volcanic,vent,31.820164700700001,-107.226306158000000,-116365.340775999997277,3830079.037399999797344
8,9,18.56,volcanic,vent,31.836745689499999,-107.196436630999997,-113506.876275999995414,3831883.848900000099093
9,10,18.56,volcanic,vent,31.849283146299999,-107.236278682999995,-117267.569275999994716,3833327.643800000194460
10,11,18.56,volcanic,vent,31.862872054000000,-107.185878103999997,-112467.341476000001421,3834773.944800000172108
11,12,18.56,volcanic,vent,31.865073525400000,-107.113262910000003,-105577.901075999994646,3834931.454700000118464
12,13,18.56,volcanic,vent,31.864643038299999,-107.198709053000002,-113681.557876000006218,3834986.700999999884516
13,14,18.56,volcanic,vent,31.874135569600000,-107.228902433000002,-116530.582876000000397,3836079.734800000209361
14,15,18.56,volcanic,vent,31.877527866800001,-107.103433620999994,-104628.959275999994134,3836304.000500000081956
15,16,18.56,volcanic,vent,31.888602329299999,-107.242923658999999,-117838.085275999997975,3837705.287299999967217
16,17,18.56,volcanic,vent,31.889881604300001,-107.219066429999998,-115574.461175999997067,3837816.792599999811500
17,18,18.56,volcanic,vent,31.897870356399999,-107.243496695000005,-117878.318075999995926,3838735.821099999826401
18,19,18.56,volcanic,vent,31.913933252900001,-107.227837433000005,-116369.848675999994157,3840500.380100000184029
19,20,18.56,volcanic,vent,31.918934617400001,-107.129040873999998,-106999.804476000004797,3840934.651000000070781
20,21,18.56,volcanic,vent,31.922142118400000,-107.208327354000005,-114508.723375999994460,3841387.660600000061095
21,22,18.56,volcanic,vent,31.930426000800001,-107.167677736000002,-110644.866976000004797,3842257.691800000146031
22,23,18.56,volcanic,vent,31.932004208700000,-107.221983571999999,-115788.070475999993505,3842500.696099999826401
23,24,18.56,volcanic,vent,31.934951998599999,-107.113791223000007,-105532.834375999998883,3842696.459700000006706
24,25,18.56,volcanic,vent,31.941204518900001,-107.214779851000003,-115091.857975999999326,3843513.729799999855459
25,26,18.56,volcanic,vent,31.946027795999999,-107.095314858999998,-103767.417876000006800,3843905.750500000081956
26,27,18.56,volcanic,vent,31.948324741699999,-107.265791102999998,-119913.528575999996974,3844370.754300000146031
27,28,18.56,volcanic,vent,31.952692897199999,-107.231188867000000,-116629.121276000005309,3844811.021199999842793
28,29,18.56,volcanic,vent,31.960035114000000,-107.205649520999998,-114199.109675999992760,3845594.298599999863654
29,30,18.56,volcanic,vent,31.961360899700001,-107.156888750999997,-109578.832576000000699,3845681.554700000211596
30,31,18.56,volcanic,vent,31.966650788199999,-107.106071071000002,-104758.504776000001584,3846209.325199999846518
31,32,18.56,volcanic,vent,31.987014390300001,-107.148425834999998,-108741.254675999996834,3848521.398099999874830
32,33,18.56,volcanic,vent,31.988726306800000,-107.160333984999994,-109866.324376000004122,3848725.904000000096858
33,34,18.56,volcanic,vent,31.998476303699999,-107.130915440999999,-107067.469075999993947,3849773.940099999774247
34,35,18.56,volcanic,vent,32.002840215799999,-107.120233244000005,-106050.216876000005868,3850246.206199999898672
35,36,18.56,volcanic,vent,32.011938112999999,-107.186286310000000,-112289.841576000006171,3851336.237499999813735
36,37,18.56,volcanic,vent,32.021778638400001,-107.152110940000000,-109041.206575999996858,3852387.774100000038743
37,38,18.56,volcanic,vent,32.043827362400002,-107.123684075000000,-106320.583075999995344,3854803.354600000195205
38,39,18.56,volcanic,vent,32.056590099399997,-107.120775198999993,-106027.877475999994203,3856217.650799999944866
39,40,18.56,volcanic,vent,32.066065381999998,-107.099385799999993,-103991.740376000001561,3857245.435599999967963
40,41,18.56,volcanic,vent,32.088647176599999,-107.150677410000000,-108811.479976000002353,3859813.765899999998510
41,42,18.56,volcanic,vent,32.093047255700000,-107.131552322000005,-106996.947975999995833,3860279.782199999783188
42,43,18.56,volcanic,vent,32.096263105200002,-107.107579052999995,-104725.831976000001305,3860609.044400000013411
43,44,18.56,volcanic,vent,32.101330888299998,-107.130030853999997,-106841.645975999999791,3861198.062100000213832
44,45,18.56,volcanic,vent,32.104252715699999,-107.096781672000006,-103694.228375999999116,3861484.073499999940395
45,46,18.56,volcanic,vent,32.108118750099997,-107.133514274999996,-107161.576176000002306,3861956.086500000208616
46,47,18.56,volcanic,vent,32.107264810600000,-107.272796542999998,-120329.842476000005263,3862035.579700000118464
47,48,18.56,volcanic,vent,32.117463775300003,-107.140788436999998,-107836.209476000003633,3863002.620000000111759
48,49,18.56,volcanic,vent,32.124144924699998,-107.183782218000005,-111890.458475999999791,3863796.642899999860674
49,50,18.56,volcanic,vent,32.126145833999999,-107.152321291000007,-108914.107776000004378,3863980.651000000070781
50,51,18.56,volcanic,vent,32.131452777200003,-107.183083148999998,-111813.818876000004821,3864607.419300000183284
51,52,18.56,volcanic,vent,32.132142479199999,-107.153789676000002,-109044.432576000006520,3864648.422499999869615
52,53,18.56,volcanic,vent,32.140100914999998,-107.225837147999997,-115841.357375999999931,3865621.449200000148267
53,54,18.56,volcanic,vent,32.147529057800000,-107.155619279000007,-109195.607975999999326,3866359.477799999993294
54,55,18.56,volcanic,vent,32.154722316099999,-107.213983896000002,-114699.591576000006171,3867230.252100000157952
55,56,18.56,volcanic,vent,32.178370084400001,-107.156038831000004,-109191.675975999998627,3869785.088599999900907
56,57,18.56,volcanic,vent,32.221841768899999,-107.234489775000000,-116535.664076000000932,3874709.992300000041723
57,58,18.56,volcanic,vent,33.016284472300001,-107.569642341000005,-146648.705775999987964,3963349.008200000040233
58,59,18.56,volcanic,vent,33.023336499499997,-107.599455391999996,-149420.050476000003982,3964179.531200000084937
59,60,18.56,volcanic,vent,33.027489263000000,-107.550221069000003,-144813.182376000011573,3964560.297100000083447
60,61,18.56,volcanic,vent,33.026709099000001,-107.698159274000005,-158632.926076000003377,3964720.788900000043213
61,62,18.56,volcanic,vent,33.003652234900002,-108.992473715000003,-279591.464475999993738,3965285.390899999998510
62,63,18.56,volcanic,vent,33.044400965700000,-107.574883732999993,-147084.318376000010176,3966475.103800000157207
63,64,18.56,volcanic,vent,33.047975910900000,-107.610395272000005,-150393.526576000003843,3966929.614699999801815
64,65,18.56,volcanic,vent,33.037877194099998,-108.215159409999998,-206889.944076000014320,3966998.803799999877810
65,66,18.56,volcanic,vent,33.050038153499997,-107.570999631000007,-146710.794675999990432,3967093.873099999967963
66,67,18.56,volcanic,vent,33.068245763500002,-107.556998237000002,-145368.775476000009803,3969090.185599999967963
67,68,18.56,volcanic,vent,33.052038045400003,-108.506731861000006,-234072.329575999989174,3969276.086199999786913
68,69,18.56,volcanic,vent,33.077066705800000,-107.567749325999998,-146355.581076000002213,3970085.465100000146776
69,70,18.56,volcanic,vent,33.077532149699998,-107.673839748000006,-156257.566576000011992,3970313.712799999862909
70,71,18.56,volcanic,vent,33.090499940599997,-107.614052440999998,-150651.282176000007894,3971650.509099999908358
71,72,18.56,volcanic,vent,33.104944412999998,-107.553394460999996,-144962.780775999999605,3973153.310300000011921
72,73,18.56,volcanic,vent,33.108737098600002,-107.557945717999999,-145380.255575999995926,3973581.072999999858439
73,74,18.56,volcanic,vent,33.110781545899997,-107.592163040000003,-148568.982175999990432,3973863.078699999954551
74,75,18.56,volcanic,vent,33.116594557500001,-107.547524272000004,-144393.026576000003843,3974435.600000000093132
75,76,18.56,volcanic,vent,33.123328709900001,-108.018629578000002,-188327.199775999994017,3976044.603500000201166
76,77,18.56,volcanic,vent,33.107234555900000,-108.880324169000005,-268752.683076000015717,3976427.750599999912083
77,78,18.56,volcanic,vent,33.136055308000003,-108.216565247000005,-206755.698776000004727,3977885.637000000104308
78,79,18.56,volcanic,vent,33.133137612799999,-108.935626248000005,-273818.191776000021491,3979463.584700000006706
79,80,18.56,volcanic,vent,33.153227966599999,-108.997752169999998,-279537.405876000004355,3981879.148399999830872
80,81,18.56,volcanic,vent,33.174832018799997,-108.627633410000001,-244965.132375999994110,3983205.245199999772012
81,82,18.56,volcanic,vent,33.194272931000000,-108.958070516000006,-275690.326576000021305,3986306.289599999785423
82,83,18.56,volcanic,vent,33.206636586000002,-109.034560896000002,-282770.824375999975018,3987911.325999999884516
83,84,18.56,volcanic,vent,33.242865579700002,-108.866357964000002,-266975.728676000027917,3991416.959300000220537
84,85,18.56,volcanic,vent,33.251838122800002,-108.777606452000001,-258681.503976000007242,3992154.495199999772012
85,86,18.56,volcanic,vent,33.257209258600000,-108.971725195000005,-276734.354175999993458,3993321.500399999786168
86,87,18.56,volcanic,vent,33.290001363400002,-108.817628233999997,-262276.449076000018977,3996497.870699999853969
87,88,18.56,volcanic,vent,33.293316527099996,-108.775453497000001,-258340.644876000005752,3996744.384500000160187
88,89,18.56,volcanic,vent,33.288963712099999,-109.006766615000004,-279879.872375999984797,3996947.104499999899417
89,90,18.56,volcanic,vent,33.300429324400000,-109.002619253000006,-279451.973376000009011,3998204.643199999816716
90,91,18.56,volcanic,vent,33.303728888899997,-108.931519258999998,-272825.244376000016928,3998354.159099999815226
91,92,18.56,volcanic,vent,33.330519206100000,-108.793389290999997,-259882.854175999993458,4000917.507799999788404
92,93,18.56,volcanic,vent,33.375033420000001,-108.031558980000000,-188909.482676000014180,4003968.698700000066310
93,94,18.56,volcanic,vent,33.376564044900000,-108.227140063999997,-207088.516876000008779,4004564.444199999794364
94,95,18.56,volcanic,vent,33.392956699700001,-108.018878479999998,-187686.413776000001235,4005928.509000000078231
95,96,18.56,volcanic,vent,33.376698361300001,-108.804715083999994,-260778.263676000002306,4006066.161199999973178
96,97,18.56,volcanic,vent,33.396648477600003,-108.086820433000000,-193992.226476000010734,4006480.268099999986589
97,98,18.56,volcanic,vent,33.393590906999997,-108.296144600999995,-213455.841875999991316,4006610.747299999929965
98,99,18.56,volcanic,vent,33.402430751399997,-108.054269712999997,-190952.308875999995507,4007052.038900000043213
99,100,18.56,volcanic,vent,33.405751149200000,-108.749535262999999,-255551.874576000001980,4009128.011500000022352
100,101,18.56,volcanic,vent,33.412619366400001,-108.801897058999998,-260393.593976000003750,4010037.530900000128895
101,102,18.56,volcanic,vent,33.442529384799997,-108.315734909000000,-215138.422376000002259,4012079.158999999985099
102,103,18.56,volcanic,vent,33.448476746899999,-108.668099091000002,-247846.069576000008965,4013635.658499999903142
103,104,18.56,volcanic,vent,33.467240628500001,-108.557219404999998,-237490.421675999998115,4015418.227299999911338
104,105,18.56,volcanic,vent,33.530647617400000,-106.872064438999999,-80930.540476399997715,4019491.503699999768287
105,106,18.56,volcanic,vent,33.508849890299999,-108.506388365999996,-232643.741676000005100,4019896.117999999783933
106,107,18.56,volcanic,vent,33.550021583000003,-108.701611193999994,-250623.693575999990571,4024975.742099999915808
107,108,18.56,volcanic,vent,33.557781249000001,-108.874850850000001,-266662.490975999971852,4026328.256500000134110
108,109,18.56,volcanic,vent,33.569728869999999,-108.578976677000000,-239188.226675999991130,4026828.064499999862164
109,110,18.56,volcanic,vent,33.566992180900002,-108.757122753000004,-255714.811576000007335,4027010.044499999843538
110,111,18.56,volcanic,vent,33.580239332100000,-108.830378840999998,-262461.236776000005193,4028686.083399999886751
111,112,18.56,volcanic,vent,33.593321701400001,-108.674649330999998,-247982.010875999985728,4029697.636299999896437
112,113,18.56,volcanic,vent,33.601573651199999,-108.316256279000001,-214737.673676000005798,4029699.184100000187755
113,114,18.56,volcanic,vent,33.603425929600000,-108.520375283000007,-233651.063575999985915,4030407.928700000047684
114,115,18.56,volcanic,vent,33.607819268800000,-108.652983892999998,-245926.960576000012225,4031244.435200000181794
115,116,18.56,volcanic,vent,33.622898193200001,-108.538055947999993,-235229.478376000013668,4032610.241599999833852
116,117,18.56,volcanic,vent,33.611369912299999,-108.998865613999996,-277965.759976000001188,4032634.674300000071526
117,118,18.56,volcanic,vent,33.637402804600001,-108.892323171000001,-268001.884076000016648,4035197.516900000162423
118,119,18.56,volcanic,vent,33.652695219199998,-108.648307758000001,-245348.731575999991037,4036201.832599999848753
119,120,18.56,volcanic,vent,33.681336508699999,-108.102288686999998,-194700.173076000006404,4038051.956300000194460
120,121,18.56,volcanic,vent,33.676653563000002,-108.576307960999998,-238604.956776000006357,4038663.415399999823421
121,122,18.56,volcanic,vent,33.698885077500002,-108.897383727999994,-268253.492275999975391,4042020.717600000090897
122,123,18.56,volcanic,vent,33.775135989200002,-107.365457943999999,-126309.820875999997952,4047140.041600000113249
123,124,18.56,volcanic,vent,33.784637119800003,-105.936614934000005,5863.781423589999577,4047245.594000000040978
124,125,18.56,volcanic,vent,33.818609875000000,-106.051226920999994,-4735.269376410000405,4051008.075600000098348
125,126,18.56,volcanic,vent,33.829875026899998,-106.060168212999997,-5561.108276410000144,4052256.393600000068545
126,127,18.56,volcanic,vent,33.804403362400002,-108.474116292000005,-228757.563476000010269,4052547.337199999950826
127,128,18.56,volcanic,vent,33.824481681199998,-107.602101332000004,-148101.889175999996951,4052962.693500000052154
128,129,18.56,volcanic,vent,33.839907930199999,-107.565385530000000,-144678.683476000005612,4054611.994700000155717
129,130,18.56,volcanic,vent,33.893660556599997,-107.293782402999994,-119493.081476000006660,4060170.177300000097603
130,131,18.56,volcanic,vent,33.901963058400000,-106.959817459999996,-88639.651076399997692,4060707.212799999862909
131,132,18.56,volcanic,vent,33.880300573900001,-109.040832956000003,-280857.581675999972504,4062539.296300000045449
132,133,18.56,volcanic,vent,33.917230990999997,-107.185443698000000,-109453.438676000005216,4062644.006399999838322
133,134,18.56,volcanic,vent,33.909088676700001,-108.248938647000003,-207655.022876000002725,4063597.937700000125915
134,135,18.56,volcanic,vent,33.912406480300000,-108.987410935000000,-275808.314376000023913,4065929.653500000014901
135,136,18.56,volcanic,vent,33.918774416900000,-108.915413952999998,-269140.963476000004448,4066418.678900000173599
136,137,18.56,volcanic,vent,33.921757034300001,-108.992097764999997,-276206.772376000008080,4066978.933199999853969
137,138,18.56,volcanic,vent,33.956035745100003,-107.331081545000004,-122836.610375999996904,4067127.376800000201911
138,139,18.56,volcanic,vent,33.930070730399997,-108.989305356000003,-275918.808575999981258,4067890.710200000088662
139,140,18.56,volcanic,vent,33.933236026300001,-109.001184580000000,-277003.314775999984704,4068277.219500000122935
140,141,18.56,volcanic,vent,33.970826554500000,-107.271822401999998,-117345.381575999999768,4068686.926099999807775
141,142,18.56,volcanic,vent,33.983453264700003,-107.041062959000001,-96039.088376400002744,4069814.222800000105053
142,143,18.56,volcanic,vent,33.979837762000002,-108.120069768999997,-195575.348276000004262,4071145.171500000171363
143,144,18.56,volcanic,vent,34.006451935900003,-107.112510501000003,-102598.758975999997347,4072439.044600000139326
144,145,18.56,volcanic,vent,34.006985681899998,-107.211226284000006,-111701.373475999993389,4072614.543599999975413
145,146,18.56,volcanic,vent,33.982830164399999,-108.858438282999998,-263659.794376000005286,4073342.138300000224262
146,147,18.56,volcanic,vent,33.978300034599997,-109.042469272999995,-280645.349075999984052,4073391.861200000159442
147,148,18.56,volcanic,vent,34.016881703199999,-106.979564691999997,-90326.082576400003745,4073452.831199999898672
148,149,18.56,volcanic,vent,34.026771534500000,-107.023039686999994,-94322.475976400004583,4074592.111800000071526
149,150,18.56,volcanic,vent,34.029707278499998,-108.394257257000007,-220718.116776000009850,4077294.066600000020117
150,151,18.56,volcanic,vent,34.053746719300001,-106.946888733999998,-87270.563676399993710,4077502.949700000230223
151,152,18.56,volcanic,vent,34.035858157800000,-108.303768038000001,-212360.758075999998255,4077759.341200000140816
152,153,18.56,volcanic,vent,34.060161781600002,-106.982863096000003,-90578.386776400002418,4078248.469299999997020
153,154,18.56,volcanic,vent,34.028221932999998,-108.823720168999998,-260302.284175999986473,4078266.285800000187010
154,155,18.56,volcanic,vent,34.066003377700000,-107.010034747000006,-93075.197076399999787,4078922.737300000153482
155,156,18.56,volcanic,vent,34.031468139099999,-108.934977868999994,-270543.411276000028010,4078950.538699999917299
156,157,18.56,volcanic,vent,34.071462839399999,-106.964865790999994,-88906.556776400000672,4079482.005700000096112
157,158,18.56,volcanic,vent,34.039193857500003,-108.936558685999998,-270661.438475999981165,4079810.313300000037998
158,159,18.56,volcanic,vent,34.043547551000003,-108.925342925999999,-269612.523876000021119,4080258.827899999916553
159,160,18.56,volcanic,vent,34.047373851800003,-108.925689708999997,-269630.835276000027079,4080683.340100000146776
160,161,18.56,volcanic,vent,34.086822482599999,-107.241097359999998,-114335.253075999993598,4081491.547499999869615
161,162,18.56,volcanic,vent,34.058484894700001,-108.990057566000004,-275520.387375999998767,4082106.121100000105798
162,163,18.56,volcanic,vent,34.084653355199997,-108.832838041000002,-260947.775175999995554,4084538.215100000146776
163,164,18.56,volcanic,vent,34.146342473200001,-107.398198797999996,-128705.758275999993202,4088291.231699999887496
164,165,18.56,volcanic,vent,34.125590710200001,-108.620444699000004,-241257.980275999987498,4088482.108700000215322
165,166,18.56,volcanic,vent,34.176135851399998,-108.745218539000007,-252573.199376000004122,4094415.010999999940395
166,167,18.56,volcanic,vent,34.180110724999999,-108.805853868000000,-258136.619176000007428,4095025.269600000232458
167,168,18.56,volcanic,vent,34.178707415500000,-108.861550734000005,-263263.924676000024192,4095029.761500000022352
168,169,18.56,volcanic,vent,34.190682559899997,-108.740175704999999,-252060.817875999986427,4096010.807299999985844
169,170,18.56,volcanic,vent,34.200361517899999,-108.832696761999998,-260535.482875999994576,4097342.831799999810755
170,171,18.56,volcanic,vent,34.211570526599999,-108.760947315999999,-253900.710075999988476,4098380.121900000143796
171,172,18.56,volcanic,vent,34.213234390799997,-108.741600030000001,-252116.484575999988010,4098510.378399999812245
172,173,18.56,volcanic,vent,34.219071766900001,-108.768434034999999,-254563.693675999995321,4099231.145000000018626
173,174,18.56,volcanic,vent,34.223090120300000,-108.819056775000007,-259203.306076000008034,4099818.904399999883026
174,175,18.56,volcanic,vent,34.226702358799997,-108.744101149000002,-252301.400075999990804,4100007.670700000133365
175,176,18.56,volcanic,vent,34.233432774599997,-108.683181198000000,-246679.854875999997603,4100585.195700000040233
176,177,18.56,volcanic,vent,34.264522623799998,-106.883413845000007,-81193.634976400004234,4100779.618600000161678
177,178,18.56,volcanic,vent,34.237035280500002,-108.762185990000006,-253928.908175999997184,4101201.452000000048429
178,179,18.56,volcanic,vent,34.304092163599996,-107.033549135000001,-94942.194276399997761,4105305.239500000141561
179,180,18.56,volcanic,vent,34.315804531700003,-107.293803679999996,-118829.586076000006869,4106907.769100000150502
180,181,18.56,volcanic,vent,34.351443536100000,-108.610853793999993,-239656.948876000009477,4113449.820499999914318
181,182,18.56,volcanic,vent,34.356651717500000,-108.601739480000006,-238804.045576000004075,4114002.087299999780953
182,183,18.56,volcanic,vent,34.358583578999998,-108.598409638999996,-238492.380475999991177,4114207.093499999959022
183,184,18.56,volcanic,vent,34.380612986800003,-108.575981650000003,-236365.284975999995368,4116585.913600000087172
184,185,18.56,volcanic,vent,34.394420392500002,-108.566202610000005,-235425.069875999994110,4118088.207299999892712
185,186,18.56,volcanic,vent,34.405385907800003,-108.557038626999997,-234550.431975999992574,4119277.742000000085682
186,187,18.56,volcanic,vent,34.418599540700001,-108.546689239000003,-233560.374375999992481,4120713.033700000029057
187,188,18.56,volcanic,vent,34.452680893500002,-108.513964861999995,-230455.596376000001328,4124400.141600000206381
188,189,18.56,volcanic,vent,34.538681518099999,-107.725475220999996,-158004.293676000001142,4132230.196899999864399
189,190,18.56,volcanic,vent,34.562311778199998,-107.703915477999999,-155981.228276000008918,4134807.520599999930710
190,191,18.56,volcanic,vent,34.564005536600000,-107.766334332000000,-161690.909375999995973,4135104.023300000000745
191,192,18.56,volcanic,vent,34.567453538099997,-107.762827970000004,-161362.572775999986334,4135479.284099999815226
192,193,18.56,volcanic,vent,34.615017291800001,-107.521634946000006,-139198.655876000004355,4140342.939600000157952
193,195,18.56,volcanic,vent,34.628076829199998,-107.632592458999994,-149322.062176000006730,4141963.975600000005215
194,197,18.56,volcanic,vent,34.638884248300002,-107.485584266999993,-135857.855576000001747,4142929.014099999796599
195,200,18.56,volcanic,vent,34.630300490899998,-108.382731445000005,-217912.857676000014180,4143725.697000000160187
196,202,18.56,volcanic,vent,34.657498904000001,-108.332684581999999,-213259.570375999988755,4146615.533100000116974
197,203,18.56,volcanic,vent,34.659615101800000,-108.373208079999998,-216957.390975999995135,4146945.537299999967217
198,204,18.56,volcanic,vent,34.667555552000003,-108.347076829000002,-214546.320475999993505,4147761.813099999912083
199,205,18.56,volcanic,vent,34.682033191300000,-108.322652133999995,-212273.198876000009477,4149305.858700000215322
200,206,18.56,volcanic,vent,34.689840340000003,-108.352204494000006,-214951.120376000006218,4150238.880900000222027
201,207,18.56,volcanic,vent,34.692185400100001,-108.306253482000002,-210746.295176000014180,4150390.640600000042468
202,208,18.56,volcanic,vent,34.707492960700002,-107.484570958000006,-135641.182376000011573,4150517.973900000099093
203,210,18.56,volcanic,vent,34.700940691699998,-108.326476220999993,-212569.064375999994809,4151406.166199999861419
204,211,18.56,volcanic,vent,34.702414161199997,-108.260683560999993,-206554.796675999998115,4151417.424199999775738
205,212,18.56,volcanic,vent,34.702274261800000,-108.277328561000004,-208075.699175999994623,4151439.922900000121444
206,213,18.56,volcanic,vent,34.700324333899999,-108.432196582000003,-222228.294775999995181,4151590.908400000073016
207,214,18.56,volcanic,vent,34.708032033899997,-108.322263996000004,-212164.228976000013063,4152180.688099999912083
208,215,18.56,volcanic,vent,34.718503456299999,-107.848359289000001,-168850.836676000006264,4152345.493199999909848
209,217,18.56,volcanic,vent,34.735372146200000,-108.288525944000000,-209006.360476000001654,4155126.523200000170618
210,218,18.56,volcanic,vent,34.736230045100001,-108.265195487000000,-206873.706575999996858,4155168.026999999769032
211,219,18.56,volcanic,vent,34.739057002199999,-108.348479982000001,-214470.124375999992481,4155673.781099999789149
212,220,18.56,volcanic,vent,34.762667067999999,-107.462584004999997,-133534.210476000007475,4156589.142700000200421
213,221,18.56,volcanic,vent,34.766960331600004,-107.283782756999997,-117203.962576000005356,4156817.411499999929219
214,222,18.56,volcanic,vent,34.750725385300001,-108.322475804999996,-212062.865875999996206,4156903.317999999970198
215,223,18.56,volcanic,vent,34.755396744499997,-108.301315912000007,-210118.097676000004867,4157370.833399999886751
216,224,18.56,volcanic,vent,34.756454205200001,-108.332586125999995,-212969.562876000010874,4157560.584900000132620
217,225,18.56,volcanic,vent,34.763347436700002,-108.186495144999995,-199615.433075999986613,4157991.363599999807775
218,226,18.56,volcanic,vent,34.763927593699997,-108.312207256999997,-211088.292775999987498,4158339.608700000215322
219,227,18.56,volcanic,vent,34.801602043099997,-106.798294308999999,-72848.389876400004141,4160142.093200000002980
220,228,18.56,volcanic,vent,34.783386982499998,-107.855354700999996,-169343.239776000002166,4159535.690200000070035
221,229,18.56,volcanic,vent,34.785540002899999,-107.833821704000002,-167373.316376000002492,4159733.947699999902397
222,230,18.56,volcanic,vent,34.777111831399999,-108.327698272999996,-212464.852776000014273,4159833.897900000214577
223,231,18.56,volcanic,vent,34.784867326399997,-108.227713144999996,-203319.328776000009384,4160462.926800000015646
224,232,18.56,volcanic,vent,34.796778150700000,-107.854857537000001,-169267.630676000000676,4161015.980899999849498
225,233,18.56,volcanic,vent,34.789429581699999,-108.253784648000007,-205685.835976000002120,4161026.189300000201911
226,234,18.56,volcanic,vent,34.806543589800000,-107.321259026999996,-120561.506775999994716,4161245.280400000046939
227,235,18.56,volcanic,vent,34.793826687399999,-108.285785091999998,-208593.439975999994203,4161585.450900000054389
228,236,18.56,volcanic,vent,34.802453656200001,-107.843547021000006,-168222.872976000013296,4161622.748500000219792
229,237,18.56,volcanic,vent,34.797713370300002,-108.247961251999996,-205131.816476000007242,4161929.214699999894947
230,238,18.56,volcanic,vent,34.816563118799998,-107.144685734999996,-104436.480775999996695,4162135.065899999812245
231,239,18.56,volcanic,vent,34.805438915400003,-107.999579505000000,-182451.371476000000257,4162254.000500000081956
232,240,18.56,volcanic,vent,34.804670656500001,-108.231419494999997,-203603.741475999995600,4162661.486599999945611
233,241,18.56,volcanic,vent,34.807871746200000,-108.247528423999995,-205064.535276000009617,4163051.745500000193715
234,242,18.56,volcanic,vent,34.808627003600002,-108.251279577000005,-205404.652276000007987,4163143.747599999886006
235,243,18.56,volcanic,vent,34.810162992400002,-108.209696820000005,-201607.286875999998301,4163220.504399999976158
236,244,18.56,volcanic,vent,34.811391000299999,-108.267508961999994,-206877.477275999990525,4163486.255100000184029
237,245,18.56,volcanic,vent,34.819819934199998,-107.853076388000005,-169053.133075999998255,4163561.300700000021607
238,246,18.56,volcanic,vent,34.829911056599997,-107.396350902999998,-127373.253375999993295,4163932.598699999973178
239,247,18.56,volcanic,vent,34.819256098399997,-108.224451844000001,-202928.614475999987917,4164259.031200000084937
240,248,18.56,volcanic,vent,34.830457191100002,-108.230255231000001,-203427.523275999992620,4165510.814699999988079
241,249,18.56,volcanic,vent,34.832515395700000,-108.221023346999999,-202580.058275999996113,4165717.821399999782443
242,250,18.56,volcanic,vent,34.852218402799998,-106.883173124999999,-80539.453976399992825,4165813.179899999871850
243,251,18.56,volcanic,vent,34.863370351500002,-106.879659696000004,-80207.117376399997738,4167043.713700000196695
244,252,18.56,volcanic,vent,34.845092951799998,-108.227078937000002,-203098.185175999999046,4167122.359100000001490
245,253,18.56,volcanic,vent,34.850006442000002,-108.211975573000004,-201707.872976000013296,4167632.124799999874085
246,254,18.56,volcanic,vent,34.870259324599999,-106.874217798000004,-79703.605176400000346,4167800.984600000083447
247,255,18.56,volcanic,vent,34.853015385699997,-108.230811767999995,-203417.020476000005146,4168006.882900000084192
248,256,18.56,volcanic,vent,34.876463873399999,-106.871277285999994,-79428.939276399993105,4168484.753299999982119
249,257,18.56,volcanic,vent,34.858906569799998,-108.220509196999998,-202461.838576000009198,4168635.401200000196695
250,258,18.56,volcanic,vent,34.879677111100001,-106.868487059000003,-79171.179476399993291,4168837.763100000098348
251,259,18.56,volcanic,vent,34.861878200600003,-108.260486502999996,-206097.988375999993877,4169053.907999999821186
252,260,18.56,volcanic,vent,34.872598069699997,-107.804648892000003,-164519.794675999990432,4169309.962199999950826
253,261,18.56,volcanic,vent,34.884157225400003,-106.866108143999995,-78949.598476400002255,4169331.276599999982864
254,262,18.56,volcanic,vent,34.890484284599999,-106.865110428999998,-78851.991076399994199,4170030.295700000133365
255,263,18.56,volcanic,vent,34.894725164699999,-106.860370626999995,-78415.540076399993268,4170495.308600000105798
256,264,18.56,volcanic,vent,34.884582896200001,-107.787435779000006,-162924.689676000009058,4170604.499100000131875
257,265,18.56,volcanic,vent,34.887279564799996,-108.171486395000002,-197917.877676000003703,4171665.239300000015646
258,266,18.56,volcanic,vent,34.895303122500003,-108.216566645000000,-202004.234976000007009,4172651.761099999770522
259,267,18.56,volcanic,vent,34.914782826000000,-106.870014311999995,-79273.222176399998716,4172722.368699999991804
260,268,18.56,volcanic,vent,34.895243846900001,-108.285581366000002,-208292.698375999985728,4172801.007199999876320
261,269,18.56,volcanic,vent,34.909314065899999,-107.795396672999999,-163596.187076000001980,4173354.073199999984354
262,270,18.56,volcanic,vent,34.923334621999999,-106.835901038000003,-76156.270676400003140,4173639.145099999848753
263,271,18.56,volcanic,vent,34.926770537899998,-106.723931962999998,-65952.210576400000718,4173931.657500000204891
264,272,18.56,volcanic,vent,34.928419036500003,-106.839604007999995,-76488.434476399997948,4174204.660300000105053
265,273,18.56,volcanic,vent,34.920472285199999,-108.193920052999999,-199873.546675999998115,4175385.087900000158697
266,274,18.56,volcanic,vent,34.932256012600000,-108.173898719999997,-198018.697576000005938,4176644.374400000087917
267,275,18.56,volcanic,vent,34.946013814600001,-108.163262725999999,-197013.828375999990385,4178142.666199999861419
268,276,18.56,volcanic,vent,34.949631723400003,-108.128938203999994,-193878.994575999997323,4178468.928799999877810
269,277,18.56,volcanic,vent,34.958347084200000,-107.747543972000003,-159132.082276000001002,4178691.972399999853224
270,278,18.56,volcanic,vent,34.952349648099997,-108.159396490999995,-196645.133075999998255,4178834.935399999842048
271,279,18.56,volcanic,vent,34.958629757700002,-108.016382848000006,-183608.357175999990432,4179230.211300000082701
272,280,18.56,volcanic,vent,34.962636684200000,-108.080521911000005,-189437.627375999989454,4179804.970199999865144
273,281,18.56,volcanic,vent,34.975816650100001,-108.066824053999994,-188157.452376000001095,4181234.010300000198185
274,282,18.56,volcanic,vent,34.980833218000001,-108.060421910000002,-187562.137476000003517,4181775.525599999818951
275,283,18.56,volcanic,vent,34.981483124699999,-108.054664462000005,-187036.493275999993784,4181835.527900000102818
276,284,18.56,volcanic,vent,34.992487022699997,-108.094817687000003,-190662.970075999997789,4183135.808800000231713
277,285,18.56,volcanic,vent,34.998187884099998,-108.081602185999998,-189445.903976000001421,4183738.576499999966472
278,286,18.56,volcanic,vent,35.021272879900003,-108.164446208000001,-196923.336275999987265,4186467.391199999954551
279,287,18.56,volcanic,vent,35.040117546600001,-108.115809580000004,-192450.594275999988895,4188446.949899999890476
280,288,18.56,volcanic,vent,35.055660941100001,-108.056704058999998,-187036.452875999995740,4190042.249100000131875
281,289,18.56,volcanic,vent,35.062428951699999,-108.057262962999999,-187070.326176000002306,4190791.769199999980628
282,290,18.56,volcanic,vent,35.123889192199997,-106.771576601000007,-70107.612676399992779,4195769.244699999690056
283,291,18.56,volcanic,vent,35.132536509099999,-106.769901367000003,-69947.295676399997319,4196724.270299999974668
284,292,18.56,volcanic,vent,35.135333019500003,-106.776680347999999,-70560.531276399997296,4197038.778500000014901
285,293,18.56,volcanic,vent,35.126837270499998,-107.720072122999994,-156278.052976000006311,4197276.725399999879301
286,294,18.56,volcanic,vent,35.142502000999997,-106.773717961000003,-70284.654576400003862,4197829.299700000323355
287,295,18.56,volcanic,vent,35.143871134999998,-107.730821136000003,-157218.669775999995181,4199178.775399999693036
288,296,18.56,volcanic,vent,35.159217420399997,-106.770497383999995,-69976.426576400001068,4199675.349200000055134
289,297,18.56,volcanic,vent,35.147112585300000,-108.052190932000002,-186397.706375999987358,4200144.770600000396371
290,298,18.56,volcanic,vent,35.168627245300002,-106.772341761999996,-70135.086476399999810,4200717.377000000327826
291,299,18.56,volcanic,vent,35.174130042300000,-106.774259724000004,-70304.066576400000486,4201327.393199999816716
292,300,18.56,volcanic,vent,35.171616563699999,-107.592742275999996,-144623.805275999999139,4202017.362800000235438
293,301,18.56,volcanic,vent,35.200888748899999,-107.679577025000000,-152447.900476000009803,4205395.945700000040233
294,302,18.56,volcanic,vent,35.224108216600001,-107.418913947999997,-128750.515675999995437,4207560.023599999956787
295,303,18.56,volcanic,vent,35.227624343300000,-107.655559560000000,-150214.309475999994902,4208312.025399999693036
296,304,18.56,volcanic,vent,35.234916669800000,-107.589402062000005,-144198.109675999992760,4209011.141900000162423
297,305,18.56,volcanic,vent,35.239002114800002,-107.673341287000000,-151804.364876000006916,4209599.558100000023842
298,306,18.56,volcanic,vent,35.246693679499998,-107.461890315000005,-132609.657676000002539,4210119.088499999605119
299,307,18.56,volcanic,vent,35.253142287199999,-107.487039230999997,-134879.088275999994949,4210869.106599999591708
300,308,18.56,volcanic,vent,35.253961397499999,-107.463567148999999,-132748.810075999994297,4210925.109799999743700
301,309,18.56,volcanic,vent,35.259048863099999,-107.714525077000005,-155498.291876000002958,4211885.615299999713898
302,310,18.56,volcanic,vent,35.263204160400001,-107.425828046999996,-129310.014876000001095,4211892.638199999928474
303,311,18.56,volcanic,vent,35.261860409299999,-107.553343232000003,-140876.056275999988429,4211933.629800000227988
304,312,18.56,volcanic,vent,35.263545413700001,-107.441740603000000,-130752.434175999995205,4211953.138700000010431
305,313,18.56,volcanic,vent,35.261673633900003,-107.693539232000006,-153589.789476000005379,4212140.123800000175834
306,314,18.56,volcanic,vent,35.265216619599997,-107.720712333999998,-156046.465876000002027,4212578.133100000210106
307,315,18.56,volcanic,vent,35.269357028300000,-107.701237156999994,-154271.944576000008965,4213002.645999999716878
308,316,18.56,volcanic,vent,35.275393046700003,-107.490673545000007,-135168.345176000002539,4213334.671699999831617
309,317,18.56,volcanic,vent,35.279005679100003,-107.536417646000004,-139309.122675999999046,4213803.180599999614060
310,318,18.56,volcanic,vent,35.279861379600000,-107.548693247000003,-140420.455875999992713,4213916.682699999772012
311,319,18.56,volcanic,vent,35.286254311299999,-107.436692895999997,-130254.990776000006008,4214456.705400000326335
312,320,18.56,volcanic,vent,35.287684172699997,-107.408448218000004,-127691.980475999996997,4214574.710500000044703
313,321,18.56,volcanic,vent,35.290229151299997,-107.425161212999996,-129202.679076000000350,4214879.717400000430644
314,322,18.56,volcanic,vent,35.289662484300003,-107.516250182999997,-137461.008876000007149,4214950.712600000202656
315,323,18.56,volcanic,vent,35.292157339600003,-107.582670621000005,-143477.226775999995880,4215329.217400000430644
316,324,18.56,volcanic,vent,35.295750477900000,-107.417090454000004,-128461.531975999998394,4215478.733799999579787
317,325,18.56,volcanic,vent,35.297104150700001,-107.547826428999997,-140309.394376000011107,4215821.733199999667704
318,326,18.56,volcanic,vent,35.299350362699997,-107.526411299000003,-138364.127375999989454,4216037.240500000305474
319,327,18.56,volcanic,vent,35.301683935600003,-107.413900155999997,-128162.139976000005845,4216130.251299999654293
320,328,18.56,volcanic,vent,35.302562295500003,-107.387336966000007,-125753.024676000000909,4216190.254700000397861
321,329,18.56,volcanic,vent,35.305833990700002,-107.538309170000005,-139430.398676000011619,4216772.259100000374019
322,330,18.56,volcanic,vent,35.317653416699997,-107.436364307000005,-130170.325876000002609,4217927.797199999913573
323,331,18.56,volcanic,vent,35.318652203100001,-107.378350441999999,-124911.527375999998185,4217956.802099999971688
324,332,18.56,volcanic,vent,35.317845159400001,-107.449775939000006,-131385.320776000007754,4217968.297299999743700
325,333,18.56,volcanic,vent,35.317120957299998,-107.556551608000007,-141062.343576000013854,4218048.291400000452995
326,334,18.56,volcanic,vent,35.318813386700000,-107.485951134999993,-134661.665575999999419,4218128.298899999819696
327,335,18.56,volcanic,vent,35.321269670500001,-107.548372638000004,-140313.376476000004914,4218494.303799999877810
328,336,18.56,volcanic,vent,35.322434920900001,-107.498461026000001,-135788.654475999996066,4218547.309000000357628
329,337,18.56,volcanic,vent,35.326477799599999,-107.483012470999995,-134381.546475999988616,4218971.321299999952316
330,338,18.56,volcanic,vent,35.326482166799998,-107.508169069000004,-136660.883575999992900,4219009.320500000379980
331,339,18.56,volcanic,vent,35.330773468399997,-107.412768733999997,-128009.586376000006567,4219344.836299999617040
332,340,18.56,volcanic,vent,35.330549974500002,-107.445199158999998,-130948.243975999997929,4219366.334499999880791
333,341,18.56,volcanic,vent,35.334284503600003,-107.481608366000003,-134240.252276000013808,4219832.344200000166893
334,342,18.56,volcanic,vent,35.339582967699997,-107.425175890999995,-129118.426775999992969,4220336.361600000411272
335,343,18.56,volcanic,vent,35.340381421099998,-107.498407736000004,-135751.106876000005286,4220531.361399999819696
336,344,18.56,volcanic,vent,35.333732275499997,-107.935934869999997,-175400.316576000011992,4220545.324099999852479
337,345,18.56,volcanic,vent,35.341959424199999,-107.462872399000005,-132529.166775999998208,4220653.367200000211596
338,346,18.56,volcanic,vent,35.351767629699999,-107.325557552999996,-120074.130575999995926,4221546.900299999862909
339,347,18.56,volcanic,vent,35.354078814799998,-107.393435029000003,-126218.392275999998674,4221894.404900000430644
340,348,18.56,volcanic,vent,35.357412165800000,-107.457125582000003,-131981.178275999991456,4222353.412399999797344
341,349,18.56,volcanic,vent,35.358300521099999,-107.471370024999999,-133269.694775999989361,4222472.414499999955297
342,350,18.56,volcanic,vent,35.359634855099998,-107.411501060000006,-127845.166075999994064,4222533.920500000007451
343,351,18.56,volcanic,vent,35.363664126099998,-107.451832413999995,-131490.736176000005798,4223036.930800000205636
344,352,18.56,volcanic,vent,35.364160509999998,-107.462589774999998,-132464.057075999997323,4223107.431900000199676
345,353,18.56,volcanic,vent,35.363366600900001,-107.547759713000005,-140178.563175999996020,4223147.426500000059605
346,354,18.56,volcanic,vent,35.364785745900001,-107.474463550999999,-133538.234775999997510,4223193.933299999684095
347,355,18.56,volcanic,vent,35.371623796199998,-107.469719666000003,-133096.400775999994949,4223942.953399999998510
348,356,18.56,volcanic,vent,35.376326606699998,-107.460540027999997,-132256.810876000003191,4224449.467400000430644
349,357,18.56,volcanic,vent,35.380483955599999,-107.405495256999998,-127265.584075999999186,4224830.481300000101328
350,358,18.56,volcanic,vent,35.382337731600003,-107.359442735000002,-123092.814876000004006,4224971.988199999555945
351,359,18.56,volcanic,vent,35.387713374000000,-107.460323076999998,-132216.935775999998441,4225708.000500000081956
352,360,18.56,volcanic,vent,35.390077191400003,-107.481259659000003,-134108.109775999997510,4226000.006599999964237
353,361,18.56,volcanic,vent,35.392043623600003,-107.490454904000003,-134936.980676000006497,4226231.012000000104308
354,362,18.56,volcanic,vent,35.394727506499997,-107.388146702000000,-125670.753175999998348,4226381.023299999535084
355,363,18.56,volcanic,vent,35.396915842399999,-107.289617086999996,-116747.861575999995694,4226491.532800000160933
356,364,18.56,volcanic,vent,35.397050004699999,-107.397333223000004,-126498.413276000006590,4226650.529699999839067
357,365,18.56,volcanic,vent,35.400176855100000,-107.315043910000000,-119044.369776000006823,4226885.041500000283122
358,366,18.56,volcanic,vent,35.400469333600000,-107.303671309999999,-118014.464275999998790,4226902.542700000107288
359,367,18.56,volcanic,vent,35.404265991300001,-107.483931116999997,-134324.337776000000304,4227572.547699999995530
360,368,18.56,volcanic,vent,35.407202929800000,-107.307586146000006,-118358.119676000002073,4227652.062099999748170
361,369,18.56,volcanic,vent,35.409769827100000,-107.386026372000003,-125453.444575999994413,4228041.066999999806285
362,370,18.56,volcanic,vent,35.417185699500003,-106.542105988000003,-49063.828976400000101,4228050.607900000177324
363,371,18.56,volcanic,vent,35.417864438199999,-106.557553057000007,-50461.428776399996423,4228134.109699999913573
364,372,18.56,volcanic,vent,35.411724902400003,-107.409633689000003,-127586.706676000001607,4228290.071899999864399
365,373,18.56,volcanic,vent,35.413101806900002,-107.425417844999998,-129012.844876000002841,4228464.575400000438094
366,374,18.56,volcanic,vent,35.422890938899997,-106.544385739000006,-49266.382576399999380,4228682.624400000087917
367,375,18.56,volcanic,vent,35.417661745099998,-107.268431863000004,-114798.077676000000793,4228758.093600000254810
368,376,18.56,volcanic,vent,35.415662526299997,-107.443558156999998,-130650.079475999998976,4228773.582200000062585
369,377,18.56,volcanic,vent,35.417653177399998,-107.366697376000005,-123690.930775999993784,4228886.090499999932945
370,378,18.56,volcanic,vent,35.423512110600001,-107.437109462999999,-130052.756976000004215,4229632.105200000107288
371,379,18.56,volcanic,vent,35.432470769100000,-106.465573519000003,-42128.464476399996784,4229702.153099999763072
372,380,18.56,volcanic,vent,35.426060238500000,-107.375203075000002,-124446.607675999999628,4229827.114599999971688
373,381,18.56,volcanic,vent,35.426640178000000,-107.336985100000007,-120987.423376000006101,4229839.617499999701977
374,382,18.56,volcanic,vent,35.434878281000003,-106.569098672999999,-51494.591376399999717,4230021.658800000324845
375,383,18.56,volcanic,vent,35.431580414400003,-107.284397358000007,-116221.183776000005309,4230317.133500000461936
376,384,18.56,volcanic,vent,35.432687964000003,-107.348896381000003,-122055.311876000007032,4230524.134700000286102
377,385,18.56,volcanic,vent,35.438259105400000,-107.337023959999996,-120972.039976000000024,4231124.151200000196695
378,386,18.56,volcanic,vent,35.437857291500002,-107.410796864000005,-127647.124976000006427,4231180.647599999792874
379,387,18.56,volcanic,vent,35.446857604500003,-106.471840545999996,-42687.298576399996819,4231295.694699999876320
380,388,18.56,volcanic,vent,35.447037218299997,-106.555244635999998,-50232.796476399998937,4231358.194199999794364
381,389,18.56,volcanic,vent,35.439797125500000,-107.449810943000003,-131173.377575999998953,4231450.651899999938905
382,390,18.56,volcanic,vent,35.450531541700002,-106.570733164000004,-51631.618876400003501,4231753.204099999740720
383,391,18.56,volcanic,vent,35.448474259100003,-107.342831692999994,-121480.792776000002050,4232261.180599999614060
384,392,18.56,volcanic,vent,35.450335734200003,-107.430289431999995,-129388.942276000001584,4232587.683100000023842
385,393,18.56,volcanic,vent,35.451824575899998,-107.321062853000001,-119506.190675999998348,4232602.690899999812245
386,394,18.56,volcanic,vent,35.451648734499997,-107.378325270000005,-124686.216975999996066,4232660.188599999994040
387,395,18.56,volcanic,vent,35.459424305600002,-106.489956014000001,-44318.728476399999636,4232693.730800000019372
388,396,18.56,volcanic,vent,35.459207179300002,-106.571368222000004,-51683.039176400001452,4232712.729199999943376
389,397,18.56,volcanic,vent,35.452320570600001,-107.408411348000001,-127406.519975999995950,4232776.189500000327826
390,398,18.56,volcanic,vent,35.452678148300002,-107.409104311999997,-127468.588776000004145,4232816.690600000321865
391,399,18.56,volcanic,vent,35.455871557400002,-107.307397335999994,-118263.618075999998837,4233032.203099999576807
392,400,18.56,volcanic,vent,35.465918901199998,-106.573102333999998,-51835.218976399999519,4233455.748499999754131
393,401,18.56,volcanic,vent,35.466255235600002,-106.563942546000007,-51006.511976399997366,4233487.749599999748170
394,402,18.56,volcanic,vent,35.463108745699998,-107.329087455999996,-120213.821475999997347,4233860.723299999721348
395,403,18.56,volcanic,vent,35.471642307499998,-106.490446586999994,-44355.813176399999065,4234044.766099999658763
396,404,18.56,volcanic,vent,35.471541829899998,-106.574612603000006,-51967.887576399996760,4234078.264800000004470
397,405,18.56,volcanic,vent,35.464857673200001,-107.353554845000005,-122423.831776000006357,4234086.727599999867380
398,406,18.56,volcanic,vent,35.476898192400000,-106.487240896000003,-44062.773076400000718,4234624.281299999915063
399,407,18.56,volcanic,vent,35.470758553400003,-107.340270790000005,-121212.797275999997510,4234721.245099999941885
400,408,18.56,volcanic,vent,35.478857674499999,-106.494146115000007,-44686.062976399996842,4234844.286899999715388
401,409,18.56,volcanic,vent,35.478563943499999,-106.567010044000000,-51275.466176399997494,4234850.285099999979138
402,410,18.56,volcanic,vent,35.475944781099997,-107.273922397999996,-115204.633975999997347,4235208.262099999934435
403,411,18.56,volcanic,vent,35.476050456099998,-107.310331614000006,-118496.860975999996299,4235266.761300000362098
404,412,18.56,volcanic,vent,35.477151970000001,-107.430747031999999,-129383.658775999996578,4235552.760499999858439
405,413,18.56,volcanic,vent,35.487081102900000,-106.493889233000004,-44657.891576399997575,4235753.310600000433624
406,414,18.56,volcanic,vent,35.481971998200002,-107.343959955000003,-121528.085875999997370,4235965.777300000190735
407,415,18.56,volcanic,vent,35.495262298500002,-106.496020247000004,-44845.644676399999298,4236658.834200000390410
408,416,18.56,volcanic,vent,35.498485438099998,-106.502415068000005,-45421.841976399999112,4237018.343399999663234
409,417,18.56,volcanic,vent,35.496224949000002,-107.420989872999996,-128468.405276000004960,4237647.315899999812245
410,418,18.56,volcanic,vent,35.497770474500001,-107.330885972000004,-120320.363075999994180,4237694.823300000280142
411,419,18.56,volcanic,vent,35.505193847199997,-106.494096941999999,-44665.785276399998111,4237755.862900000065565
412,420,18.56,volcanic,vent,35.507598231300001,-106.502555756999996,-45428.989876400002686,4238025.869699999690056
413,421,18.56,volcanic,vent,35.503137939100000,-107.405584153000007,-127063.890975999995135,4238389.836299999617040
414,422,18.56,volcanic,vent,35.511839773200002,-106.500743021999995,-45262.540576400002465,4238493.881900000385940
415,423,18.56,volcanic,vent,35.512851832300001,-106.492884841999995,-44551.619876400000066,4238601.884899999946356
416,424,18.56,volcanic,vent,35.507372032900001,-107.341894056000001,-121299.823575999995228,4238770.850599999539554
417,425,18.56,volcanic,vent,35.520123665800000,-106.497149480999994,-44932.704376399997273,4239407.905799999833107
418,426,18.56,volcanic,vent,35.525305622300003,-106.488248842999994,-44125.172476400002779,4239976.420800000429153
419,427,18.56,volcanic,vent,35.518288909699997,-107.356240943000003,-122578.605076000007102,4239996.881599999964237
420,428,18.56,volcanic,vent,35.518748692099997,-107.356371482000000,-122589.643876000001910,4240047.882899999618530
421,429,18.56,volcanic,vent,35.530295744100002,-106.489992376000004,-44279.770276399998693,4240528.935200000181794
422,430,18.56,volcanic,vent,35.533115271900002,-107.324823269999996,-119715.327676000000793,4241593.925200000405312
423,431,18.56,volcanic,vent,35.535160463300002,-107.307961899999995,-118188.519876000005752,4241797.931599999777973
424,432,18.56,volcanic,vent,35.543241466399998,-106.492811552000006,-44526.775776399997994,4241961.472400000318885
425,433,18.56,volcanic,vent,35.598978300399999,-106.597319188000000,-53928.871876400000474,4248179.630800000391901
426,434,18.56,volcanic,vent,35.601139785699999,-106.186651382999997,-16850.794476399998530,4248258.640800000168383
427,435,18.56,volcanic,vent,35.604745999599999,-106.218265517000006,-19704.092076400000224,4248663.650999999605119
428,436,18.56,volcanic,vent,35.606103954600002,-106.176944125999995,-15973.314176399999269,4248805.655100000090897
429,437,18.56,volcanic,vent,35.607865736100003,-106.209495588999999,-18911.550276400001167,4249006.660000000149012
430,438,18.56,volcanic,vent,35.611365605700001,-106.556670018999995,-50250.466276400002243,4249525.666799999773502
431,439,18.56,volcanic,vent,35.614482116700003,-106.226186468999998,-20416.514476399999694,4249741.678799999877810
432,440,18.56,volcanic,vent,35.614690212600003,-106.173241820000001,-15637.267376399999193,4249754.179600000381470
433,441,18.56,volcanic,vent,35.615097083599998,-106.134089059999994,-12102.969276399999217,4249793.180900000035763
434,442,18.56,volcanic,vent,35.617868689399998,-106.538560713999999,-48611.473676399997203,4250234.685600000433624
435,443,18.56,volcanic,vent,35.620571313500001,-106.163643926000006,-14769.716576400000122,4250402.696499999612570
436,444,18.56,volcanic,vent,35.621411890099999,-106.137438223999993,-12404.233476400000654,4250491.699000000022352
437,445,18.56,volcanic,vent,35.622787882700003,-106.181040303000003,-16339.435276399999566,4250650.702700000256300
438,446,18.56,volcanic,vent,35.623761905000002,-106.188295369000002,-16994.038876400001755,4250759.705500000156462
439,447,18.56,volcanic,vent,35.628037150499999,-106.228896922999994,-20657.407076399998914,4251240.717500000260770
440,448,18.56,volcanic,vent,35.628554478399998,-106.184108266999999,-16615.051676399998541,4251288.719200000166893
441,449,18.56,volcanic,vent,35.630516544999999,-106.181976269000003,-16422.202776400001312,4251505.224799999967217
442,450,18.56,volcanic,vent,35.635652876800002,-106.592266561000002,-53446.272676400003547,4252230.735700000077486
443,451,18.56,volcanic,vent,35.640191607900000,-106.179301725000002,-16178.719076400000631,4252574.252399999648333
444,452,18.56,volcanic,vent,35.640415256200001,-106.186341822000003,-16813.943376399998670,4252600.252999999560416
445,453,18.56,volcanic,vent,35.639458864300003,-106.545895713999997,-49259.211576399997284,4252625.247200000099838
446,454,18.56,volcanic,vent,35.647959477500002,-106.178442919999995,-16099.537276400000337,4253432.774600000120699
447,455,18.56,volcanic,vent,35.659200161500003,-106.166626347000005,-15031.082076400000005,4254673.306699999608099
448,456,18.56,volcanic,vent,35.658437935999999,-106.556159641999997,-50172.548676400001568,4254728.801099999807775
449,457,18.56,volcanic,vent,35.659046614799998,-106.562855604000006,-50776.194476399999985,4254799.802799999713898
450,458,18.56,volcanic,vent,35.661143540399998,-106.210361273999993,-18976.067676400001801,4254896.311999999918044
451,459,18.56,volcanic,vent,35.661783813500001,-106.548244933000007,-49456.307776399997238,4255094.310800000093877
452,460,18.56,volcanic,vent,35.664426559600003,-106.220208236000005,-19863.493776399998751,4255261.321299999952316
453,461,18.56,volcanic,vent,35.668555492599999,-106.520901643000002,-46985.405176400003256,4255828.330400000326335
454,462,18.56,volcanic,vent,35.668730366600002,-106.556744283000000,-50218.320676399998774,4255866.830400000326335
455,463,18.56,volcanic,vent,35.672512298900003,-106.311952426000005,-28136.393076399999700,4256179.343700000084937
456,464,18.56,volcanic,vent,35.672910107100002,-106.431312126999998,-38902.045976399997016,4256267.343799999915063
457,465,18.56,volcanic,vent,35.673617614000001,-106.254396776999997,-22944.697976399998879,4256285.347299999557436
458,466,18.56,volcanic,vent,35.679108992499998,-106.532329833999995,-48009.404076400001941,4257000.860299999825656
459,467,18.56,volcanic,vent,35.682654187700003,-106.209364194000003,-18880.641876400000911,4257273.873200000263751
460,468,18.56,volcanic,vent,35.686353120600003,-106.200201583999998,-18053.411376399999426,4257680.883799999952316
461,469,18.56,volcanic,vent,35.689544554999998,-106.177441227000003,-16000.181776400000672,4258029.393000000156462
462,470,18.56,volcanic,vent,35.691733395500002,-106.495221143999999,-44655.037976400002663,4258377.396599999628961
463,471,18.56,volcanic,vent,35.692046498800003,-106.503078310999996,-45363.349176399999124,4258415.897400000132620
464,472,18.56,volcanic,vent,35.696489319500003,-106.173793356000004,-15669.760876399999688,4258796.412700000219047
465,473,18.56,volcanic,vent,35.696109162900001,-106.552609501999996,-49826.957976400000916,4258890.908300000242889
466,474,18.56,volcanic,vent,35.698132530199999,-106.154575097000006,-13936.575376400000096,4258974.917399999685585
467,475,18.56,volcanic,vent,35.701036098199999,-106.173368041000003,-15630.452176400000099,4259298.925599999725819
468,476,18.56,volcanic,vent,35.700891339000002,-106.537663566000006,-48476.196976400002313,4259411.422100000083447
469,477,18.56,volcanic,vent,35.706627358900001,-106.164285208999999,-14810.402276400000119,4259915.441499999724329
470,478,18.56,volcanic,vent,35.706230782900001,-106.549387460999995,-49529.671776399998635,4260007.937099999748170
471,479,18.56,volcanic,vent,35.707566062700003,-106.196381153999994,-17703.815976400001091,4260024.944099999964237
472,480,18.56,volcanic,vent,35.707034611600001,-106.513643986000005,-46306.716976399999112,4260077.939899999648333
473,481,18.56,volcanic,vent,35.708322042200002,-106.260143518999996,-23452.048676400001568,4260122.945899999700487
474,482,18.56,volcanic,vent,35.709114412300003,-106.161801941999997,-14586.031576400000631,4260189.948599999770522
475,483,18.56,volcanic,vent,35.709765186900000,-106.193403505999996,-17434.849676400001044,4260267.450299999676645
476,484,18.56,volcanic,vent,35.713985240200003,-106.182937143000004,-16490.346676400000433,4260731.962299999780953
477,485,18.56,volcanic,vent,35.715878925299997,-106.189362619999997,-17069.147376400000212,4260942.467699999921024
478,486,18.56,volcanic,vent,35.716364331900003,-106.544650047999994,-49095.857476400000451,4261125.465900000184774
479,487,18.56,volcanic,vent,35.716721178500002,-106.535424109000004,-48263.974876400003268,4261159.967100000008941
480,488,18.56,volcanic,vent,35.719940481599998,-106.200067411999996,-18033.138076399998681,4261393.479100000113249
481,489,18.56,volcanic,vent,35.720303196899998,-106.426603032000003,-38452.711676400002034,4261503.978500000201166
482,490,18.56,volcanic,vent,35.723103186000003,-106.227959442000000,-20546.437776399998256,4261748.987999999895692
483,491,18.56,volcanic,vent,35.724535306299998,-106.212891313000000,-19187.889876400000503,4261903.992100000381470
484,492,18.56,volcanic,vent,35.724331561000000,-106.481538712000003,-43402.160476400000334,4261973.989299999549985
485,493,18.56,volcanic,vent,35.729286479899997,-106.412357509000003,-37164.136576400000195,4262491.004099999554455
486,494,18.56,volcanic,vent,35.735271044699999,-106.444204596000006,-40031.201076400000602,4263166.020700000226498
487,495,18.56,volcanic,vent,35.736175741700002,-106.292231361000006,-26334.981676399998832,4263210.524600000120699
488,496,18.56,volcanic,vent,35.738731592500002,-106.409988994000003,-36945.957976400000916,4263534.030899999663234
489,497,18.56,volcanic,vent,35.740603393900003,-106.203112758000003,-18302.539676399999735,4263678.037700000219047
490,498,18.56,volcanic,vent,35.740898714099998,-106.379246410999997,-34174.555076399999962,4263761.537299999967217
491,499,18.56,volcanic,vent,35.742634062599997,-106.210669748000001,-18983.013676400001714,4263904.043399999849498
492,500,18.56,volcanic,vent,35.743332010600000,-106.599780737000003,-54045.797476400002779,4264137.541600000113249
493,501,18.56,volcanic,vent,35.749520232499997,-106.148129026999996,-13346.098776400000133,4264654.063199999742210
494,502,18.56,volcanic,vent,35.750793601500000,-106.488147827999995,-43982.149776400001429,4264902.064199999906123
495,503,18.56,volcanic,vent,35.754293464000000,-106.154259336999999,-13897.567076400000587,4265182.576600000262260
496,504,18.56,volcanic,vent,35.754477663000003,-106.176465836999995,-15898.287076399999933,4265206.577100000344217
497,505,18.56,volcanic,vent,35.760133404900003,-106.602289338999995,-54259.537976400002663,4265996.089100000448525
498,506,18.56,volcanic,vent,35.763132728499997,-106.391065475999994,-35229.037276399998518,4266223.600100000388920
499,507,18.56,volcanic,vent,35.776811270400003,-106.492993476999999,-44403.146776399997179,4267780.137600000016391
500,508,18.56,volcanic,vent,35.781533302699998,-106.574464316999993,-51737.854976399998122,4268345.149899999611080
501,509,18.56,volcanic,vent,35.783527333199999,-106.258621044999998,-23291.135376400001405,4268435.158699999563396
502,510,18.56,volcanic,vent,35.785866892400001,-106.358149334000004,-32253.832176399999298,4268724.164599999785423
503,511,18.56,volcanic,vent,35.787335085499997,-106.536805602000001,-48342.400476399998297,4268965.666799999773502
504,512,18.56,volcanic,vent,35.789287018000003,-106.375990518999998,-33859.026276399999915,4269108.674100000411272
505,513,18.56,volcanic,vent,35.796271832400002,-106.422753393999997,-38066.648676400000113,4269899.193300000391901
506,514,18.56,volcanic,vent,35.806266028400003,-106.170738123000007,-15371.478776399999333,4270929.723299999721348
507,515,18.56,volcanic,vent,35.812984267799997,-106.141473296000001,-12735.472176400000535,4271667.742300000041723
508,516,18.56,volcanic,vent,35.821287537099998,-106.479146549000006,-43130.043076399997517,4272689.263199999928474
509,517,18.56,volcanic,vent,35.833149643900001,-106.461955932999999,-41575.958576400000311,4273992.296699999831617
510,518,18.56,volcanic,vent,35.836594654300001,-106.558447634000004,-50257.943076399998972,4274421.805300000123680
511,519,18.56,volcanic,vent,35.836972512099997,-106.530137152999998,-47709.859276399998635,4274448.306699999608099
512,520,18.56,volcanic,vent,35.843122171200001,-106.565783174000003,-50913.622476399999869,4275147.323499999940395
513,521,18.56,volcanic,vent,35.846986362000003,-106.437864270000006,-39400.314776400002302,4275510.835900000296533
514,522,18.56,volcanic,vent,35.855290362799998,-106.146770942000003,-13204.849276400000235,4276344.361200000159442
515,523,18.56,volcanic,vent,35.854701833699998,-106.494807778999999,-44519.684776399997645,4276389.856900000013411
516,524,18.56,volcanic,vent,35.869261421499999,-106.196393952999998,-17666.346276399999624,4277896.900200000032783
517,525,18.56,volcanic,vent,35.876677914699997,-106.607133064999999,-54609.845676400000229,4278879.917100000195205
518,526,18.56,volcanic,vent,35.881109963299998,-106.213748054000007,-19224.406576400000631,4279209.933400000445545
519,527,18.56,volcanic,vent,35.900466106600000,-106.561392330000004,-50479.345876400002453,4281482.484299999661744
520,528,18.56,volcanic,vent,35.903706365600002,-106.451444230999996,-40591.155976399997598,4281785.494699999690056
521,529,18.56,volcanic,vent,35.900076473900000,-104.900620552999996,98855.523123599996325,4281881.472500000149012
522,530,18.56,volcanic,vent,35.930800665000000,-106.417030760000003,-37483.116176399998949,4284765.070799999870360
523,531,18.56,volcanic,vent,35.931342518299999,-106.477219121000005,-42892.670576399999845,4284851.571600000374019
524,532,18.56,volcanic,vent,35.936010555300001,-106.483799074000004,-43481.339976399998704,4285370.584599999710917
525,533,18.56,volcanic,vent,35.936701597000003,-106.617200655000005,-55470.342576399998507,4285519.584800000302494
526,534,18.56,volcanic,vent,35.941304650799999,-106.603642617999995,-54248.445776400003524,4286020.097799999639392
527,535,18.56,volcanic,vent,35.944461623700001,-106.479732584999994,-43110.930576400001883,4286302.608199999667704
528,536,18.56,volcanic,vent,35.944541545200003,-106.503726322000006,-45267.090076400003454,4286323.108099999837577
529,537,18.56,volcanic,vent,35.945664740700003,-106.400569408999999,-35996.288076400000136,4286401.112399999983609
530,538,18.56,volcanic,vent,35.947495687500002,-106.434849673000002,-39075.894176399997377,4286617.617200000211596
531,539,18.56,volcanic,vent,35.948929879200001,-106.537793269999995,-48325.653476400002546,4286825.620000000111759
532,540,18.56,volcanic,vent,35.948969135100000,-106.574455594000000,-51620.090376400003152,4286850.119599999859929
533,541,18.56,volcanic,vent,35.953940510700001,-106.366108342000004,-32895.776076399997692,4287302.635800000280142
534,542,18.56,volcanic,vent,35.954759694300002,-106.399075351999997,-35857.611476400001266,4287405.637799999676645
535,543,18.56,volcanic,vent,35.959819096600000,-106.411267659999993,-36950.600976399997307,4287969.651700000278652
536,544,18.56,volcanic,vent,35.960776297899997,-106.497458682000001,-44694.025076400001126,4288114.153500000014901
537,545,18.56,volcanic,vent,35.968541154100002,-106.489078415999998,-43936.476576399996702,4288968.175200000405312
538,546,18.56,volcanic,vent,35.985991378199998,-106.450552298999995,-40465.871576400000777,4290878.724100000225008
539,547,18.56,volcanic,vent,35.993768190300003,-106.437115538000000,-39254.912176400001044,4291732.245900000445545
540,548,18.56,volcanic,vent,35.996541139999998,-106.341072515999997,-30628.522876399998495,4292001.754499999806285
541,549,18.56,volcanic,vent,35.998784290200000,-106.446703558999999,-40113.246876400000474,4292290.759700000286102
542,550,18.56,volcanic,vent,36.002793283400003,-106.532448102000004,-47810.460976399997890,4292775.269799999892712
543,551,18.56,volcanic,vent,36.010016873900000,-106.516538062999999,-46377.291876399998728,4293565.290099999867380
544,552,18.56,volcanic,vent,36.020231308900001,-106.540959959000006,-48563.305676399999356,4294706.818099999800324
545,553,18.56,volcanic,vent,36.018038570599998,-104.957009139999997,93635.749823599995580,4294857.302500000223517
546,554,18.56,volcanic,vent,36.022951487900002,-106.346940849999996,-31144.373176400000375,4294922.327700000256300
547,555,18.56,volcanic,vent,36.022735806900002,-106.473598283000001,-42514.587276400001429,4294949.825899999588728
548,556,18.56,volcanic,vent,36.023740376699998,-106.287326907999997,-25792.507176399998571,4294990.830299999564886
549,557,18.56,volcanic,vent,36.028747259100001,-105.049744567999994,85298.339423600002192,4295949.334400000050664
550,558,18.56,volcanic,vent,36.035783501600001,-106.208401709000000,-18704.337076399999205,4296302.364199999719858
551,559,18.56,volcanic,vent,36.035660587000002,-106.483671837000003,-43411.291876399998728,4296382.861499999649823
552,560,18.56,volcanic,vent,36.037357490100000,-106.407524887999998,-36575.896976399999403,4296536.867100000381470
553,561,18.56,volcanic,vent,36.037502009900003,-106.541948919000006,-48640.705676400000812,4296615.865899999625981
554,562,18.56,volcanic,vent,36.044600407499999,-105.093650427000000,81339.894423599995207,4297660.879200000315905
555,563,18.56,volcanic,vent,36.049062369799998,-106.423547201000005,-38007.917076400000951,4297836.899299999698997
556,564,18.56,volcanic,vent,36.059835364500003,-106.404119995000002,-36259.251776400000381,4299019.429299999959767
557,565,18.56,volcanic,vent,36.056192156000002,-104.893289331000005,99304.595923600005335,4299140.906499999575317
558,566,18.56,volcanic,vent,36.066305703600001,-106.424932828999999,-38123.351376400001755,4299742.946899999864399
559,567,18.56,volcanic,vent,36.061762616000003,-104.835327680000006,104497.252324000000954,4299821.420300000347197
560,568,18.56,volcanic,vent,36.067998155500000,-104.943865332000001,94751.524623599994811,4300391.440399999730289
561,569,18.56,volcanic,vent,36.069131383799999,-104.920356956000006,96858.981823599999188,4300541.442900000140071
562,570,18.56,volcanic,vent,36.070710294700000,-104.969768576000007,92424.330323600006523,4300664.448499999940395
563,571,18.56,volcanic,vent,36.075699115299997,-106.383643152999994,-34414.553476399996725,4300764.473299999721348
564,572,18.56,volcanic,vent,36.078001520000001,-106.421593916000006,-37817.795976399997016,4301033.979299999773502
565,573,18.56,volcanic,vent,36.079976254899996,-106.523028959000001,-46915.585476400003245,4301299.483599999919534
566,574,18.56,volcanic,vent,36.077155618200003,-104.974374243000000,92003.129023600005894,4301371.966400000266731
567,575,18.56,volcanic,vent,36.079585277200003,-104.929867594000001,95992.189523599998211,4301686.472000000067055
568,576,18.56,volcanic,vent,36.085718597800003,-106.355817763999994,-31914.101476399999228,4301861.501199999824166
569,577,18.56,volcanic,vent,36.085551447900002,-106.555795868999994,-49851.022676400003547,4301932.998499999754131
570,578,18.56,volcanic,vent,36.086240647200000,-106.410828913000003,-36848.022076399996877,4301940.002100000157952
571,579,18.56,volcanic,vent,36.081231423399998,-104.822923150999998,105582.279624000002514,4301986.973699999973178
572,580,18.56,volcanic,vent,36.087906810400000,-106.435698719000001,-39077.796776399998635,4302134.506400000303984
573,581,18.56,volcanic,vent,36.090339522400001,-106.382943195999999,-34344.945376399999077,4302382.013700000010431
574,582,18.56,volcanic,vent,36.089577405500002,-104.848736994999996,103255.272324000005028,4302879.497399999760091
575,583,18.56,volcanic,vent,36.095333888900001,-106.405126108999994,-36332.038276400002360,4302942.527200000360608
576,584,18.56,volcanic,vent,36.092668976399999,-105.060619466999995,84249.197023600005195,4303002.511300000362098
577,585,18.56,volcanic,vent,36.093904843700003,-104.996025516000003,90040.565823600001750,4303201.013199999928474
578,586,18.56,volcanic,vent,36.097698686800001,-106.529182117999994,-47456.122776399999566,4303261.032399999909103
579,587,18.56,volcanic,vent,36.098930104700003,-106.361851270000003,-32449.459476399999403,4303323.537499999627471
580,588,18.56,volcanic,vent,36.099945101099998,-106.432859101999995,-38816.771376400000008,4303463.539699999615550
581,589,18.56,volcanic,vent,36.100663970799999,-106.385997420999999,-34614.028576400000020,4303524.042100000195205
582,590,18.56,volcanic,vent,36.103848675700000,-106.361864404000002,-32448.473076400001446,4303867.051099999807775
583,591,18.56,volcanic,vent,36.102352700399997,-105.177975066000002,73714.793123600000399,4303970.540400000289083
584,592,18.56,volcanic,vent,36.099973167300000,-104.865708975000004,101718.831923999998253,4304009.026499999687076
585,593,18.56,volcanic,vent,36.105219064499998,-104.978157934999999,91628.862923599997885,4304469.043899999931455
586,594,18.56,volcanic,vent,36.111025070799997,-106.359113772000001,-32198.683976399999665,4304659.070899999700487
587,595,18.56,volcanic,vent,36.111948347599998,-106.380969511999993,-34157.918176400002267,4304769.073200000450015
588,596,18.56,volcanic,vent,36.114433402400003,-106.421168667000003,-37760.991676400000870,4305059.579699999652803
589,597,18.56,volcanic,vent,36.114879517600002,-104.870642172999993,101255.998324000000139,4305650.567699999548495
590,598,18.56,volcanic,vent,36.121241640900003,-106.396908155999995,-35582.528276400000323,4305802.098600000143051
591,599,18.56,volcanic,vent,36.121487216699997,-106.552495137999998,-49530.826076400000602,4305902.097500000149012
592,600,18.56,volcanic,vent,36.119232177999997,-104.885025862999996,99960.560423600007198,4306115.580099999904633
593,601,18.56,volcanic,vent,36.121952454099997,-104.889637729000000,99543.445223600007012,4306411.087700000032783
594,602,18.56,volcanic,vent,36.129404231700001,-105.161525295999994,75162.280423599993810,4306973.114500000141561
595,603,18.56,volcanic,vent,36.131899391799998,-106.393976065000004,-35314.557876400001987,4306978.627999999560416
596,604,18.56,volcanic,vent,36.133307404699998,-106.350162870999995,-31386.626876400001493,4307118.132199999876320
597,605,18.56,volcanic,vent,36.137138436900003,-105.175019066999994,73944.965523599996231,4307816.636099999770522
598,606,18.56,volcanic,vent,36.135688301700000,-104.172053070999993,163836.485623999993550,4308968.600100000388920
599,607,18.56,volcanic,vent,36.139851924200002,-104.188754987999999,162330.552624000003561,4309398.612300000153482
600,608,18.56,volcanic,vent,36.139944792599998,-103.942036197999997,184438.505723999987822,4309879.601099999621511
601,609,18.56,volcanic,vent,36.153944359900002,-103.978830785000000,181107.068524000002071,4311352.141300000250340
602,610,18.56,volcanic,vent,36.173686735200000,-106.370712925999996,-33210.459076400002232,4311587.242899999953806
603,611,18.56,volcanic,vent,36.182171304299999,-106.370761680000001,-33211.001876399997855,4312524.766099999658763
604,612,18.56,volcanic,vent,36.166815015499999,-103.995859828999997,179550.073123999987729,4312740.177400000393391
605,613,18.56,volcanic,vent,36.185295905700002,-106.354696649999994,-31770.596976400000131,4312864.274799999780953
606,614,18.56,volcanic,vent,36.190829807900002,-106.353402948999999,-31652.337976399998297,4313475.289900000207126
607,615,18.56,volcanic,vent,36.185297265700001,-103.907531128000002,187414.975524000008591,4314960.223699999973178
608,616,18.56,volcanic,vent,36.198292754900002,-103.928255530000001,185526.363123999995878,4316353.260300000198185
609,617,18.56,volcanic,vent,36.202401760500003,-103.942210643999999,184266.611723999987589,4316778.772199999541044
610,618,18.56,volcanic,vent,36.207196587500000,-103.959869358999995,182673.727523999987170,4317272.786199999973178
611,619,18.56,volcanic,vent,36.210510958999997,-104.017708381000006,177487.680124000005890,4317524.298000000417233
612,620,18.56,volcanic,vent,36.215434638500000,-103.971344881999997,181626.064324000006309,4318159.809200000017881
613,621,18.56,volcanic,vent,36.232514670100002,-105.214054731000004,70355.094323600002099,4318323.897900000214577
614,622,18.56,volcanic,vent,36.236464753000000,-105.210735974000002,70648.376023599994369,4318762.908599999733269
615,623,18.56,volcanic,vent,36.237427875400002,-105.129285561000003,77937.817623599999934,4318935.909599999897182
616,624,18.56,volcanic,vent,36.224431747899999,-104.076311998999998,172208.774424000002909,4318949.338800000026822
617,625,18.56,volcanic,vent,36.223322709599998,-103.987591542000004,180152.442623999988427,4318998.831500000320375
618,626,18.56,volcanic,vent,36.241233638700002,-105.208666531999995,70829.019923600004404,4319291.421500000171363
619,627,18.56,volcanic,vent,36.241292593499999,-105.044757356999995,85499.111823600003845,4319438.918300000019372
620,628,18.56,volcanic,vent,36.250860900900001,-103.961731071000003,182398.853923999995459,4322092.405299999751151
621,629,18.56,volcanic,vent,36.251275516299998,-103.946492258999996,183761.258524000004400,4322168.905700000002980
622,630,18.56,volcanic,vent,36.258095558500003,-103.995716203000001,179340.504924000008032,4322823.926699999719858
623,631,18.56,volcanic,vent,36.269315176399999,-104.009865211999994,178047.534723999997368,4324035.457899999804795
624,632,18.56,volcanic,vent,36.271237108699999,-104.014104372000006,177663.700123999995412,4324239.463299999944866
625,633,18.56,volcanic,vent,36.272314065099998,-104.020488177000004,177090.088824000005843,4324345.966500000096858
626,634,18.56,volcanic,vent,36.274136174100001,-104.027309674999998,176475.556524000014178,4324533.971800000406802
627,635,18.56,volcanic,vent,36.276320907600002,-104.033925460999995,175878.586223999998765,4324762.478000000119209
628,636,18.56,volcanic,vent,36.276798042400003,-104.041797009999996,175173.400124000007054,4324799.979700000025332
629,637,18.56,volcanic,vent,36.281829595500000,-104.059666100000001,173563.282123999990290,4325321.494199999608099
630,638,18.56,volcanic,vent,36.352553999599998,-105.077788935000001,82418.000323600004776,4331700.720900000073016
631,639,18.56,volcanic,vent,36.360622742600000,-105.208827006000007,70699.814323600003263,4332481.745400000363588
632,640,18.56,volcanic,vent,36.345831773699999,-103.739247762000005,202043.227324000006774,4333053.151399999856949
633,641,18.56,volcanic,vent,36.357143987000001,-103.772964207000001,198999.986823999992339,4334228.183799999766052
634,642,18.56,volcanic,vent,36.367416799899999,-103.821025298999999,194679.058623999997508,4335258.714100000448525
635,643,18.56,volcanic,vent,36.368154773900002,-103.798275153000006,196709.275224000011804,4335389.214900000020862
636,644,18.56,volcanic,vent,36.369592889300002,-103.844417704999998,192583.780923999991501,4335449.221199999563396
637,645,18.56,volcanic,vent,36.371871321199997,-103.782156020000002,198139.099424000014551,4335834.724000000394881
638,646,18.56,volcanic,vent,36.378071011000003,-103.832366480999994,193637.910723999986658,4336411.243400000035763
639,647,18.56,volcanic,vent,36.385289552200000,-103.852769187000007,191796.813624000002164,4337165.263899999670684
640,648,18.56,volcanic,vent,36.385631601400000,-103.863112615999995,190872.195324000000255,4337181.265399999916553
641,649,18.56,volcanic,vent,36.406302060599998,-105.925942839000001,6614.582623590000367,4337223.376000000163913
642,650,18.56,volcanic,vent,36.385961145099998,-103.774445619000005,198789.675623999995878,4337407.761599999852479
643,651,18.56,volcanic,vent,36.390728721000002,-103.870249345000005,190221.647923999989871,4337729.279500000178814
644,652,18.56,volcanic,vent,36.393414857300002,-103.890012698999996,188449.893524000013713,4337984.787700000219047
645,653,18.56,volcanic,vent,36.395596877099997,-103.879669980000003,189367.839823999995133,4338247.292999999597669
646,654,18.56,volcanic,vent,36.397299245900001,-103.905997624999998,187012.599723999999696,4338380.798999999649823
647,655,18.56,volcanic,vent,36.416767709100000,-105.811340100999999,16846.793323599998985,4338394.403800000436604
648,656,18.56,volcanic,vent,36.426686392500002,-103.917806745999997,185883.748523999995086,4341602.378600000403821
649,657,18.56,volcanic,vent,36.473481607899998,-103.610435391999999,213181.752723999990849,4347445.487399999983609
650,658,18.56,volcanic,vent,36.477717186200003,-103.638846559000001,210635.517024000000674,4347847.000400000251830
651,659,18.56,volcanic,vent,36.479066646600003,-103.593137944999995,214708.214923999999883,4348103.001299999654293
652,660,18.56,volcanic,vent,36.482278243099998,-103.661475598999999,208604.300023999996483,4348298.513799999840558
653,661,18.56,volcanic,vent,36.490936652300000,-103.961603683999996,181815.339324000000488,4348610.052799999713898
654,662,18.56,volcanic,vent,36.492380355500003,-103.951605502999996,182703.380123999988427,4348789.556200000457466
655,663,18.56,volcanic,vent,36.493850234299998,-103.967252106999993,181304.413923999993131,4348920.560899999924004
656,664,18.56,volcanic,vent,36.487826174500000,-103.655464792000004,209124.552224000013666,4348925.028300000354648
657,665,18.56,volcanic,vent,36.491665486000002,-103.698884548999999,205241.770924000011291,4349250.041000000201166
658,666,18.56,volcanic,vent,36.490422370300003,-103.503395914999999,222677.332523999997647,4349573.026399999856949
659,667,18.56,volcanic,vent,36.492060372799997,-103.516031396000002,221545.687823999993270,4349723.031499999575317
660,668,18.56,volcanic,vent,36.503443603699999,-103.995275968000001,178781.958324000006542,4349924.587899999693036
661,669,18.56,volcanic,vent,36.495349686399997,-103.525375701000002,220702.582824000011897,4350063.540900000371039
662,670,18.56,volcanic,vent,36.499369613699997,-103.551004426999995,218405.450524000014411,4350445.553100000135601
663,671,18.56,volcanic,vent,36.520518050100002,-103.608878880000006,213183.871123999997508,4352643.612900000065565
664,672,18.56,volcanic,vent,36.522265371499998,-103.568073853000001,216815.860824000003049,4352933.115199999883771
665,673,18.56,volcanic,vent,36.525421919400003,-103.629445266000005,211336.540324000001419,4353137.127199999988079
666,674,18.56,volcanic,vent,36.527299560300001,-103.590781129999996,214777.159623999992618,4353435.129900000058115
667,675,18.56,volcanic,vent,36.527611582399999,-103.602213598999995,213757.309324000001652,4353442.631400000303984
668,676,18.56,volcanic,vent,36.521176986699999,-103.297423812999995,240942.103323999996064,4353494.595499999821186
669,677,18.56,volcanic,vent,36.536157708600001,-103.994777395000000,178746.674124000011943,4353538.675099999643862
670,678,18.56,volcanic,vent,36.523902272000001,-103.317840133000004,239113.584823999990476,4353741.604100000113249
671,679,18.56,volcanic,vent,36.540199553500003,-104.098847888999998,169461.867923999991035,4353785.690700000151992
672,680,18.56,volcanic,vent,36.538790500899999,-103.947180367000001,182982.195923999999650,4353924.179700000211596
673,681,18.56,volcanic,vent,36.540111084599999,-104.000181492999999,178255.419923999987077,4353964.685800000093877
674,682,18.56,volcanic,vent,36.533871472599998,-103.612558401000001,212817.143823999998858,4354109.648699999786913
675,683,18.56,volcanic,vent,36.524484503600000,-103.170007158000004,252286.639824000012595,4354205.595800000242889
676,684,18.56,volcanic,vent,36.529797144600003,-103.221480698999997,247681.422724000003655,4354650.613499999977648
677,685,18.56,volcanic,vent,36.531061921599999,-103.244193721000002,245653.143623999989359,4354728.618300000205636
678,686,18.56,volcanic,vent,36.535642696099998,-103.388082673000000,232815.985924000007799,4354855.639899999834597
679,687,18.56,volcanic,vent,36.539832877499997,-103.455381204000005,226805.912524000013946,4355148.155199999921024
680,688,18.56,volcanic,vent,36.552810868300000,-104.033121537000000,175289.396823999995831,4355303.221199999563396
681,689,18.56,volcanic,vent,36.540098170000000,-103.399420861999999,231791.541423999995459,4355318.652400000020862
682,690,18.56,volcanic,vent,36.563904356099997,-103.691835041000004,205667.719623999990290,4357243.733099999837577
683,691,18.56,volcanic,vent,36.578357310400001,-103.898902109000005,187183.745323999988614,4358392.282499999739230
684,692,18.56,volcanic,vent,36.569598828099998,-103.464963655000005,225860.321724000008544,4358411.234899999573827
685,693,18.56,volcanic,vent,36.584767685700001,-104.259759329000005,155026.432724000012968,4358420.816200000233948
686,694,18.56,volcanic,vent,36.585097556599997,-104.255329066000002,155420.345024000009289,4358464.816899999976158
687,695,18.56,volcanic,vent,36.575696670299997,-103.494036781000005,223252.134224000008544,4359012.752899999730289
688,696,18.56,volcanic,vent,36.586161993200001,-103.962203630000005,181525.960023999999976,4359125.806300000287592
689,697,18.56,volcanic,vent,36.583761897599999,-103.814590394999996,194679.140424000011990,4359166.292399999685585
690,698,18.56,volcanic,vent,36.594210048599997,-103.987038057000007,179294.403924000012921,4359965.328900000080466
691,699,18.56,volcanic,vent,36.600579788300003,-103.980184156999997,179889.138723999989452,4360682.345399999991059
692,700,18.56,volcanic,vent,36.605635929100004,-103.966530727000006,181092.437024000013480,4361267.858099999837577
693,701,18.56,volcanic,vent,36.600576113899997,-103.697208979999999,205086.338124000001699,4361281.330599999986589
694,702,18.56,volcanic,vent,36.604764815599999,-103.765372658000004,199005.579423999995925,4361592.345399999991059
695,703,18.56,volcanic,vent,36.611668511399998,-104.117525764000007,167633.701423999998951,4361644.381199999712408
696,704,18.56,volcanic,vent,36.609358012000001,-103.893351921000004,187598.731423999997787,4361827.364299999549985
697,705,18.56,volcanic,vent,36.615872316299999,-104.021971043999997,176131.353424000000814,4362289.387900000438094
698,706,18.56,volcanic,vent,36.615870482699997,-103.983291671000003,179574.941523999994388,4362364.885999999940395
699,707,18.56,volcanic,vent,36.640088307200003,-105.730538073000005,23988.630523600000743,4363082.998300000093877
700,708,18.56,volcanic,vent,36.625842863300001,-104.066387884999997,172153.496023999992758,4363305.416400000452995
701,709,18.56,volcanic,vent,36.661999251499999,-105.858777801000002,12568.868523600000117,4365477.556800000369549
702,710,18.56,volcanic,vent,36.664828002699998,-105.707818797000002,26002.327123600000050,4365822.063400000333786
703,711,18.56,volcanic,vent,36.647848068800002,-103.978203672000006,179949.334923999995226,4365906.470300000160933
704,712,18.56,volcanic,vent,36.666814314500002,-105.814249904999997,16530.507323599998927,4366016.569299999624491
705,713,18.56,volcanic,vent,36.646857388400001,-103.689331663999994,205657.755524000007426,4366409.952499999664724
706,714,18.56,volcanic,vent,36.648953059599997,-103.789101678999998,196774.065524000005098,4366420.463499999605119
707,715,18.56,volcanic,vent,36.672190596699998,-105.767212123999997,20714.797723600000609,4366620.083200000226498
708,716,18.56,volcanic,vent,36.652123018899999,-103.735059557000000,201574.182524000003468,4366888.968899999745190
709,717,18.56,volcanic,vent,36.675127881500003,-105.927387717000002,6461.817023589999735,4366920.591500000096858
710,718,18.56,volcanic,vent,36.676520416000002,-105.814960705000004,16465.071223599999939,4367088.594899999909103
711,719,18.56,volcanic,vent,36.662859637499999,-103.773990440000006,198081.094324000005145,4367988.999400000087917
712,720,18.56,volcanic,vent,36.686322417600003,-105.903648148000002,8572.814323590000640,4368159.121000000275671
713,721,18.56,volcanic,vent,36.682746200600000,-104.415461640999993,140968.796923999994760,4368988.581299999728799
714,722,18.56,volcanic,vent,36.673303046400001,-103.802264053000002,195537.780024000006961,4369081.028400000184774
715,723,18.56,volcanic,vent,36.684168886199998,-104.314639757999998,149934.468724000005750,4369307.081000000238419
716,724,18.56,volcanic,vent,36.674780092399999,-103.705678223000007,204125.304823999991640,4369456.526999999769032
717,725,18.56,volcanic,vent,36.700838586000003,-104.241067921999999,156443.152123999985633,4371272.121799999848008
718,726,18.56,volcanic,vent,36.720337032000003,-105.916990577000007,7382.376023589999932,4371915.210400000214577
719,727,18.56,volcanic,vent,36.707424752900003,-104.273524330000001,153542.956524000008358,4371944.140499999746680
720,728,18.56,volcanic,vent,36.720402782199997,-105.652427591999995,30908.132223600001453,4371978.209200000390410
721,729,18.56,volcanic,vent,36.702641007799997,-103.873951660000003,189084.964823999995133,4372169.109299999661744
722,730,18.56,volcanic,vent,36.704069361199998,-103.804546571000003,195252.642423999990569,4372473.609400000423193
723,731,18.56,volcanic,vent,36.733263579899997,-105.849681484000001,13365.367023599999811,4373350.744099999777973
724,732,18.56,volcanic,vent,36.748333767200002,-105.708814124000000,25884.195823599999130,4375045.782800000160933
725,733,18.56,volcanic,vent,36.750594686900001,-105.949630798000001,4478.042523590000201,4375255.289699999615550
726,734,18.56,volcanic,vent,36.754393880700000,-105.856279497000003,12775.061923600000227,4375683.799399999901652
727,735,18.56,volcanic,vent,36.755789978499998,-105.798297711999993,17928.251423599998816,4375847.802799999713898
728,736,18.56,volcanic,vent,36.791358528099998,-105.735389647000005,23508.085323600000265,4379790.895399999804795
729,737,18.56,volcanic,vent,36.781527115099998,-103.968929519000000,180444.635123999993084,4380687.320600000210106
730,738,18.56,volcanic,vent,36.784063314000001,-104.075501035000002,170972.163423999998486,4380761.332399999722838
731,739,18.56,volcanic,vent,36.789581532500002,-104.043798127000002,173775.078524000011384,4381430.845300000160933
732,740,18.56,volcanic,vent,36.792513369900000,-104.029341619999997,175052.062624000012875,4381782.352199999615550
733,741,18.56,volcanic,vent,36.795873655800001,-104.106956982000000,168150.871623999992153,4382006.864599999971688
734,742,18.56,volcanic,vent,36.795842579000002,-104.078298266999994,170696.184424000006402,4382056.863199999555945
735,743,18.56,volcanic,vent,36.797880050200000,-104.086029422999999,170004.826124000013806,4382267.368900000117719
736,744,18.56,volcanic,vent,36.802049286600003,-103.957204942999994,181435.139724000007845,4382976.873599999584258
737,745,18.56,volcanic,vent,36.805736081299997,-104.075644393000005,170908.740623999998206,4383154.388899999670684
738,746,18.56,volcanic,vent,36.815512269800003,-104.118694947999998,167063.489823999989312,4384153.916299999691546
739,747,18.56,volcanic,vent,36.814442600800000,-103.936280029000002,183262.218523999996250,4384387.404799999669194
740,748,18.56,volcanic,vent,36.816711504899999,-103.856516816999999,190338.107623999996576,4384801.906700000166893
741,749,18.56,volcanic,vent,36.821882346099997,-104.143297098000005,164864.714823999995133,4384812.434000000357628
742,750,18.56,volcanic,vent,36.817000035400000,-103.845972341000007,191273.506624000001466,4384855.906899999827147
743,751,18.56,volcanic,vent,36.817800489500002,-103.864766509000006,189602.859824000013759,4384904.909900000318885
744,752,18.56,volcanic,vent,36.824519129599999,-104.155282614000001,163794.709524000005331,4385081.941399999894202
745,753,18.56,volcanic,vent,36.824440074700000,-104.134193467000003,165667.148023999994621,4385111.440299999900162
746,754,18.56,volcanic,vent,36.820147647399999,-103.884351111000001,187858.089723999990383,4385123.417000000365078
747,755,18.56,volcanic,vent,36.820604876399997,-103.806447302999999,194772.951823999988846,4385337.914200000464916
748,756,18.56,volcanic,vent,36.825411517299997,-103.898057225000002,186627.838023999996949,4385676.431400000117719
749,757,18.56,volcanic,vent,36.827522343500000,-103.916927392000005,184947.347623999987263,4385870.937900000251830
750,758,18.56,volcanic,vent,36.861753790300000,-106.008403799000007,-744.959776409000028,4387532.079400000162423
751,759,18.56,volcanic,vent,36.873251705500003,-104.020766859000005,175619.414523999992525,4390714.561700000427663
752,760,18.56,volcanic,vent,36.873454910800000,-104.029550904999994,174839.636724000010872,4390720.062599999830127
753,761,18.56,volcanic,vent,36.878681665499997,-104.128533142999999,166046.289124000002630,4391111.580799999646842
754,762,18.56,volcanic,vent,36.881281337099999,-103.839954577000000,191639.020924000011291,4391966.573400000110269
755,763,18.56,volcanic,vent,36.882656078700002,-103.858190196999999,190017.888524000009056,4392080.077899999916553
756,764,18.56,volcanic,vent,36.889978245999998,-104.227432598999997,157248.269223999988753,4392183.114400000311434
757,765,18.56,volcanic,vent,36.884540186199999,-103.885401322999996,187599.369524000008823,4392231.584200000390410
758,766,18.56,volcanic,vent,36.890300655799997,-104.087929508000002,169621.309623999986798,4392469.609000000171363
759,767,18.56,volcanic,vent,36.895781839400001,-104.255315804000006,154762.704624000005424,4392776.130599999800324
760,768,18.56,volcanic,vent,36.911075179699999,-104.055232867000001,172472.299923999991734,4394825.161199999973178
761,769,18.56,volcanic,vent,36.917799361999997,-104.130450432000004,165787.322523999988334,4395427.682000000029802
762,770,18.56,volcanic,vent,36.940103068299997,-105.684247638000002,27994.287223600000289,4396234.280799999833107
763,771,18.56,volcanic,vent,36.933818052900001,-104.133914068999999,165443.891723999986425,4397190.223500000312924
764,772,18.56,volcanic,vent,36.936268510100000,-104.163581868999998,162808.503024000005098,4397407.231200000271201
765,773,18.56,volcanic,vent,36.936921864799999,-104.150314757999993,163983.067924000002677,4397503.232300000265241
766,774,18.56,volcanic,vent,36.938359170399998,-104.173013944999994,161967.773424000013620,4397621.236999999731779
767,775,18.56,volcanic,vent,34.313935129100003,-108.808827159000003,-257952.227375999995274,4109841.751999999862164
768,776,18.56,volcanic,vent,34.337692971899997,-108.624545737999995,-240957.376775999990059,4111964.580099999904633
769,777,18.56,volcanic,vent,34.319207482099998,-108.645028545000002,-242896.914775999990525,4109973.731600000057369
770,778,18.56,volcanic,vent,31.876307123699998,-108.866070450999999,-271731.758776000002399,3839818.527400000020862
771,779,18.56,volcanic,vent,33.793995499499999,-107.857600919000006,-171786.957376000005752,4050036.054399999789894
772,780,18.56,volcanic,vent,33.296277598300001,-107.079280232000002,-100468.766176000004634,3993723.857499999925494
773,781,18.56,volcanic,vent,33.257909180900000,-107.085921401999997,-101137.785375999999815,3989478.158799999859184
774,782,18.56,volcanic,vent,33.245275983100001,-107.095686579000002,-102064.119676000002073,3988088.657399999909103
775,783,18.56,volcanic,vent,33.237082768100002,-107.102474426000001,-102707.407275999998092,3987188.054599999915808
776,784,18.56,volcanic,vent,33.220537165200000,-107.108863361000004,-103324.963476000004448,3985361.117599999997765
777,785,18.56,volcanic,vent,33.213669238199998,-107.076456288000003,-100314.377076000004308,3984563.440799999982119
778,786,18.56,volcanic,vent,33.147091889700000,-107.140905079999996,-106412.744376000002376,3977255.692700000014156
779,787,18.56,volcanic,vent,33.138145916200003,-107.108495978999997,-103402.158076000006986,3976226.432399999815971
780,788,18.56,volcanic,vent,33.098870641799998,-107.136050018000006,-106026.771775999994134,3971903.539100000169128
781,789,18.56,volcanic,vent,33.110242124800003,-107.210796728000005,-112985.690776000003098,3973254.443299999926239
782,790,18.56,volcanic,vent,33.099722612100003,-107.212558087999994,-113165.607875999994576,3972090.274300000164658
783,791,18.56,volcanic,vent,33.311876825100001,-107.136201194999998,-105745.622375999999349,3995517.508299999870360
784,792,18.56,volcanic,vent,36.740735142399998,-106.349327416999998,-31053.776876399999310,4374224.673200000077486
785,793,18.56,volcanic,vent,36.647476336700002,-106.354507373999994,-31554.450976399999490,4363925.092199999839067
786,794,18.56,volcanic,vent,36.571649847400003,-106.376215365999997,-33521.384876399999484,4355556.682599999941885
787,795,18.56,volcanic,vent,36.733109899100000,-106.485249957999997,-43141.479576400000951,4373437.899600000120699
788,796,18.56,volcanic,vent,36.115628233800003,-106.314030953000000,-28154.637576400000398,4305152.752000000327826
789,797,18.56,volcanic,vent,34.172939953600000,-106.539060551000006,-49604.768676400002732,4090393.014500000048429
790,798,18.56,volcanic,vent,33.668592102100000,-106.980932856999999,-90868.657276400001138,4034878.231999999843538
791,799,18.56,volcanic,vent,36.625570792500000,-103.915656104000007,185571.810524000000441,4363572.045800000429153
792,800,18.56,volcanic,vent,36.628469158500003,-104.185195628000002,161571.510123999993084,4363377.314899999648333
793,801,18.56,volcanic,vent,36.708475627200002,-105.685703497999995,27953.702123600000050,4370649.972799999639392
794,802,18.56,volcanic,vent,34.229068849999997,-106.621456851000005,-57144.471676399996795,4096655.427300000097603
795,803,18.56,volcanic,vent,32.067192403900002,-106.794063972000004,-75110.644576399994548,3857069.746300000231713
796,804,18.56,volcanic,vent,32.123262556100002,-106.791845194999993,-74846.502976400006446,3863295.942600000184029
797,805,18.56,volcanic,vent,32.139654865200001,-106.787046227999994,-74377.133876399995643,3865112.665500000119209
798,806,18.56,volcanic,vent,32.172329625300002,-106.777569038999999,-73450.483276400002069,3868733.918300000019372
799,807,18.56,volcanic,vent,34.400485639000003,-107.727304024000006,-158462.442176000011386,4116941.266999999992549
800,808,18.56,volcanic,vent,34.415926798299999,-107.591719256000005,-145995.250575999991270,4118422.936600000131875
801,809,18.56,volcanic,vent,34.521325228000002,-107.531890245000000,-140311.495376000006218,4129991.983899999875575
802,810,18.56,volcanic,vent,34.510943887099998,-107.533918834000005,-140516.676876000012271,4128846.387399999890476
803,811,18.56,volcanic,vent,34.601031691400003,-107.525444726999993,-139573.120276000001468,4138801.392099999822676
804,812,18.56,volcanic,vent,34.589598198399997,-107.527735686000000,-139803.986276000010548,4137539.874299999792129
805,813,18.56,volcanic,vent,34.716443953400002,-107.236442120999996,-112958.244376000002376,4151168.840900000184774
806,814,18.56,volcanic,vent,34.651843275499999,-107.276366116000005,-116705.785076000000117,4144072.060500000137836
807,815,18.56,volcanic,vent,34.803388279799996,-107.154706691000001,-105369.231176000001142,4160689.190299999900162
808,817,18.56,volcanic,vent,34.873148099399998,-107.372708117000002,-125144.490376000001561,4168682.383100000210106
809,818,18.56,volcanic,vent,35.215984121699996,-107.747788228999994,-158606.318176000000676,4207181.731300000101328
810,819,18.56,volcanic,vent,35.210684723500002,-107.769490193999999,-160586.877876000013202,4206633.917000000365078
